"","ID","X.3","X.2","X.1","X","Station.Name","Address","Total.Docks","Docks.in.Service","Status","Latitude","Longitude","Location","clusterID.x","clusterID.y","clusterID.x.1","clusterID.y.1","clusterID"
"1",2,1,1,1,1,"Buckingham Fountain",,39,39,"In Service",41.876511229,-87.62054801,"(41.87651122881695, -87.62054800987242)",38,17,35,29,"20"
"2",3,2,2,2,2,"Shedd Aquarium",,55,55,"In Service",41.867225957,-87.61535539,"(41.86722595682, -87.6153553902)",31,12,33,39,"7"
"3",4,3,3,3,3,"Burnham Harbor",,23,23,"In Service",41.856268,-87.613348,"(41.856268, -87.613348)",31,12,33,39,"7"
"4",5,4,4,4,4,"State St & Harrison St",,23,23,"In Service",41.874053,-87.627716,"(41.874053, -87.627716)",20,17,36,29,"20"
"5",6,5,5,5,5,"Dusable Harbor",,39,39,"In Service",41.886976,-87.612813,"(41.886976, -87.612813)",38,23,35,1,"10"
"6",7,6,6,6,6,"Field Blvd & South Water St",,19,19,"In Service",41.886349063,-87.617516547,"(41.88634906269, -87.6175165471)",38,23,35,1,"10"
"7",9,7,7,7,7,"Leavitt St & Archer Ave",,15,15,"In Service",41.82879202,-87.680604459,"(41.82879201994, -87.6806044594)",7,30,28,35,"11"
"8",11,8,8,8,8,"Jeffery Blvd & 71st St",,11,11,"In Service",41.766638237,-87.576450114,"(41.76663823695, -87.5764501141)",35,15,31,4,"26"
"9",12,9,9,9,9,"South Shore Dr & 71st St",,15,15,"In Service",41.766409457,-87.565687572,"(41.7664094567, -87.5656875719)",25,26,16,34,"27"
"10",13,10,10,10,10,"Wilton Ave & Diversey Pkwy",,35,35,"In Service",41.932418,-87.652705,"(41.932418, -87.652705)",13,19,27,6,"29"
"11",14,11,11,11,11,"Morgan St & 18th St",,15,15,"In Service",41.858086,-87.651073,"(41.858086, -87.651073)",40,6,18,28,"22"
"12",15,12,12,12,12,"Racine Ave & 18th St",,15,15,"In Service",41.858166,-87.656495,"(41.858166, -87.656495)",40,6,18,28,"22"
"13",16,13,13,13,13,"Paulina Ave & North Ave",,15,15,"In Service",41.910337,-87.670072,"(41.910337, -87.670072)",23,11,23,33,"16"
"14",17,14,14,14,14,"Honore St & Division St",,23,23,"In Service",41.903119,-87.673935,"(41.903119, -87.673935)",23,11,32,33,"16"
"15",18,15,15,15,15,"Wacker Dr & Washington St",,19,19,"In Service",41.883132,-87.637321,"(41.883132, -87.637321)",20,3,36,12,"9"
"16",19,16,16,16,16,"Throop (Loomis) St & Taylor St",,15,15,"In Service",41.868968,-87.659141,"(41.868968, -87.659141)",2,39,18,28,"22"
"17",20,17,17,17,17,"Sheffield Ave & Kingsbury St",,15,15,"In Service",41.910522,-87.653106,"(41.910522, -87.653106)",28,18,40,11,"2"
"18",21,18,18,18,18,"Aberdeen St & Jackson Blvd",,23,23,"In Service",41.87772613,-87.65478743,"(41.87772613, -87.65478743)",2,39,26,32,"4"
"19",22,19,19,19,19,"May St & Taylor St",,15,15,"In Service",41.8694821,-87.6554864,"(41.8694821, -87.6554864)",2,39,18,28,"22"
"20",23,20,20,20,20,"Orleans St & Elm St",,15,15,"In Service",41.902924,-87.637715,"(41.902924, -87.637715)",5,37,37,20,"12"
"21",24,21,21,21,21,"Fairbanks Ct & Grand Ave",,15,15,"In Service",41.8925,-87.6207,"(41.8925, -87.6207)",38,23,35,1,"10"
"22",25,22,22,22,22,"Michigan Ave & Pearson St",,23,23,"In Service",41.89766,-87.62351,"(41.89766, -87.62351)",38,23,35,20,"10"
"23",26,23,23,23,23,"McClurg Ct & Illinois St",,31,31,"In Service",41.890359,-87.617532,"(41.890359, -87.617532)",38,23,35,1,"10"
"24",27,24,24,24,24,"Larrabee St & North Ave",,19,19,"In Service",41.91021,-87.6435,"(41.91021, -87.6435)",28,1,40,11,"12"
"25",28,25,25,25,25,"Larrabee St & Menomonee St",,15,15,"In Service",41.91468,-87.64332,"(41.91468, -87.64332)",28,1,40,11,"2"
"26",29,26,26,26,26,"Noble St & Milwaukee Ave",,15,15,"In Service",41.90068,-87.6626,"(41.90068, -87.6626)",28,11,32,14,"16"
"27",30,27,27,27,27,"Ashland Ave & Augusta Blvd",,15,15,"In Service",41.899643,-87.6677,"(41.899643, -87.6677)",23,11,32,14,"16"
"28",31,28,28,28,28,"Franklin St & Chicago Ave",,23,23,"In Service",41.896746973,-87.635667622,"(41.896746973093805, -87.63566762208939)",5,37,37,12,"9"
"29",32,29,29,29,29,"Racine Ave & Congress Pkwy",,19,19,"In Service",41.87464,-87.65703,"(41.87464, -87.65703)",2,39,26,32,"4"
"30",33,30,30,30,30,"State St & Van Buren St",,27,27,"In Service",41.877181,-87.627844,"(41.877181, -87.627844)",20,17,36,29,"20"
"31",34,31,31,31,31,"Cannon Dr & Fullerton Ave",,15,15,"In Service",41.926755988,-87.634428785,"(41.9267559875, -87.6344287848)",33,1,3,9,"29"
"32",35,32,32,32,32,"Streeter Dr & Grand Ave",,47,47,"In Service",41.892278,-87.612043,"(41.892278, -87.612043)",38,23,35,1,"10"
"33",36,33,33,33,33,"Franklin St & Jackson Blvd",,39,39,"In Service",41.877707956,-87.635321141,"(41.8777079559, -87.6353211408)",20,3,36,29,"20"
"34",37,34,34,34,34,"Dearborn St & Adams St",,19,19,"In Service",41.879356359,-87.629791036,"(41.8793563587, -87.6297910363)",20,17,36,29,"20"
"35",38,35,35,35,35,"Clark St & Lake St",,27,27,"In Service",41.886020828,-87.630876058,"(41.88602082773, -87.6308760584)",20,17,36,29,"20"
"36",39,36,36,36,36,"Wabash Ave & Adams St",,23,23,"In Service",41.879472352,-87.625688606,"(41.87947235235, -87.6256886059)",20,17,36,29,"20"
"37",40,37,37,37,37,"LaSalle St & Adams St",,15,15,"In Service",41.879344373,-87.631985221,"(41.87934437346, -87.6319852213)",20,17,36,29,"20"
"38",41,38,38,38,38,"Federal St & Polk St",,19,19,"In Service",41.872077633,-87.629543773,"(41.87207763285, -87.6295437729)",20,17,36,29,"20"
"39",42,39,39,39,39,"Wabash Ave & Cermak Rd",,11,11,"In Service",41.852619,-87.626488,"(41.852619, -87.626488)",31,22,33,39,"7"
"40",43,40,40,40,40,"Michigan Ave & Washington St",,43,43,"In Service",41.883984065,-87.624683976,"(41.8839840647265, -87.6246839761734)",38,17,35,1,"20"
"41",44,41,41,41,41,"State St & Randolph St",,27,27,"In Service",41.884730201,-87.627733569,"(41.8847302006, -87.6277335692)",38,17,35,29,"20"
"42",45,42,42,42,42,"Michigan Ave & Ida B Wells Dr",,15,15,"In Service",41.876243,-87.624426,"(41.876243, -87.624426)",20,17,36,29,"20"
"43",46,43,43,43,43,"Wells St & Walton St",,19,19,"In Service",41.89993001,-87.63443007,"(41.89993001, -87.63443007)",5,37,37,20,"12"
"44",47,44,44,44,44,"State St & Kinzie St",,31,31,"In Service",41.889187,-87.627754,"(41.889187, -87.627754)",38,23,35,1,"10"
"45",48,45,45,45,45,"Larrabee St & Kingsbury St",,43,43,"In Service",41.897764,-87.642884,"(41.897764, -87.642884)",5,37,37,12,"9"
"46",49,46,46,46,46,"Dearborn St & Monroe St",,39,39,"In Service",41.881319815,-87.629520919,"(41.881319815, -87.6295209193)",20,17,36,29,"20"
"47",50,47,47,47,47,"Clark St & Ida B Wells Dr",,35,35,"In Service",41.875932666,-87.630584536,"(41.8759326655, -87.6305845355)",20,17,36,29,"20"
"48",51,48,48,48,48,"Clark St & Randolph St",,39,39,"In Service",41.884576228,-87.63188991,"(41.884576228, -87.63188991)",20,17,36,29,"20"
"49",52,49,49,49,49,"Michigan Ave & Lake St",,35,35,"In Service",41.886024,-87.624117,"(41.886024, -87.624117)",38,23,35,1,"10"
"50",53,50,50,50,50,"Wells St & Huron St",,27,27,"In Service",41.894722,-87.634362,"(41.894722, -87.634362)",5,37,37,12,"9"
"51",54,51,51,51,51,"Ogden Ave & Chicago Ave",,19,19,"In Service",41.896362458,-87.654061273,"(41.896362458, -87.6540612729)",28,4,26,14,"4"
"52",55,52,52,52,52,"Halsted St & Roosevelt Rd",,23,23,"In Service",41.867324,-87.648625,"(41.867324, -87.648625)",2,39,18,28,"39"
"53",56,53,53,53,53,"Desplaines St & Kinzie St",,27,27,"In Service",41.888716036,-87.644447853,"(41.888716036, -87.6444478533)",20,3,26,12,"9"
"54",57,54,54,54,54,"Clinton St & Roosevelt Rd",,15,15,"In Service",41.867117783,-87.641087959,"(41.8671177825, -87.6410879593)",20,39,18,32,"39"
"55",58,55,55,55,55,"Marshfield Ave & Cortland St",,23,23,"In Service",41.916017,-87.668879,"(41.916017, -87.668879)",23,18,23,33,"38"
"56",59,56,56,56,56,"Wabash Ave & Roosevelt Rd",,23,23,"In Service",41.867227,-87.625961,"(41.867227, -87.625961)",31,12,33,39,"7"
"57",60,57,57,57,57,"Dayton St & North Ave",,19,19,"In Service",41.910578035,-87.649421929,"(41.9105780349, -87.6494219288)",28,1,40,11,"2"
"58",61,58,58,58,58,"Wood St & Milwaukee Ave",,19,19,"In Service",41.907655,-87.672552,"(41.907655, -87.672552)",23,11,23,33,"16"
"59",62,59,59,59,59,"McCormick Place",,27,27,"In Service",41.851375173,-87.618834649,"(41.8513751729, -87.6188346489)",31,12,33,39,"7"
"60",66,60,60,60,60,"Clinton St & Lake St",,23,23,"In Service",41.885637,-87.641823,"(41.885637, -87.641823)",20,3,36,12,"9"
"61",67,61,61,61,61,"Sheffield Ave & Fullerton Ave",,27,27,"In Service",41.925601882,-87.653708042,"(41.9256018819, -87.6537080423)",13,18,27,6,"2"
"62",68,62,62,62,62,"Clinton St & Tilden St",,23,23,"In Service",41.875885,-87.640795,"(41.875885, -87.640795)",20,3,36,32,"39"
"63",69,63,63,63,63,"Damen Ave & Pierce Ave",,23,23,"In Service",41.909396007,-87.677691929,"(41.9093960065, -87.6776919292)",23,11,23,33,"16"
"64",71,64,64,64,64,"Morgan St & Lake St",,23,23,"In Service",41.885483308,-87.652304856,"(41.8854833079, -87.6523048564)",2,4,26,32,"4"
"65",72,65,65,65,65,"Wabash Ave & 16th St",,39,39,"In Service",41.860384,-87.625813,"(41.860384, -87.625813)",31,12,33,39,"7"
"66",73,66,66,66,66,"Jefferson St & Monroe St",,19,19,"In Service",41.880422,-87.642746,"(41.880422, -87.642746)",20,3,36,32,"39"
"67",74,67,67,67,67,"Kingsbury St & Erie St",,23,23,"In Service",41.893808056,-87.641697228,"(41.89380805624359, -87.64169722795485)",5,37,37,12,"9"
"68",75,68,68,68,68,"Canal St & Jackson Blvd",,47,47,"In Service",41.877245,-87.639366,"(41.877245, -87.639366)",20,3,36,32,"39"
"69",76,69,69,69,69,"Lake Shore Dr & Monroe St",,39,39,"In Service",41.880958,-87.616743,"(41.880958, -87.616743)",38,23,35,1,"10"
"70",77,70,70,70,70,"Clinton St & Madison St",,31,31,"In Service",41.882242,-87.641066,"(41.882242, -87.641066)",20,3,36,32,"39"
"71",80,71,71,71,71,"Aberdeen St & Monroe St",,19,19,"In Service",41.880419,-87.655519,"(41.880419, -87.655519)",2,4,26,32,"4"
"72",81,72,72,72,72,"Daley Center Plaza",,39,39,"In Service",41.884241,-87.629634,"(41.884241, -87.629634)",20,17,36,29,"20"
"73",84,73,73,73,73,"Milwaukee Ave & Grand Ave",,19,19,"In Service",41.891578,-87.648384,"(41.891578, -87.648384)",2,4,26,12,"9"
"74",85,74,74,74,74,"Michigan Ave & Oak St",,23,23,"In Service",41.90096039,-87.62377664,"(41.90096039, -87.62377664)",5,23,35,20,"10"
"75",86,75,75,75,75,"Eckhart Park",,19,19,"In Service",41.89637337,-87.66098386,"(41.89637337, -87.66098386)",28,4,32,14,"4"
"76",87,76,76,76,76,"Racine Ave & Fullerton Ave",,19,19,"In Service",41.92556258,-87.65840426,"(41.92556258, -87.65840426)",13,18,27,6,"2"
"77",88,77,77,77,77,"Racine Ave & Randolph St",,19,19,"In Service",41.884069,-87.656853,"(41.884069, -87.656853)",2,4,26,32,"4"
"78",89,78,78,78,78,"Financial Pl & Ida B Wells Dr",,31,31,"In Service",41.875023628,-87.633094043,"(41.8750236280333, -87.6330940425396)",20,17,36,29,"20"
"79",90,79,79,79,79,"Millennium Park",,47,47,"In Service",41.8810317,-87.62408432,"(41.8810317, -87.62408432)",38,17,35,29,"20"
"80",91,80,80,80,80,"Clinton St & Washington Blvd",,31,31,"In Service",41.88338,-87.64117,"(41.88338, -87.64117)",20,3,36,32,"9"
"81",92,81,81,81,81,"Carpenter St & Huron St",,19,19,"In Service",41.894556,-87.653449,"(41.894556, -87.653449)",28,4,26,14,"4"
"82",93,82,82,82,82,"Sheffield Ave & Willow St",,15,15,"In Service",41.913688,-87.652855,"(41.913688, -87.652855)",28,18,40,11,"2"
"83",94,83,83,83,83,"Clark St & Armitage Ave",,31,31,"In Service",41.918306,-87.636282,"(41.918306, -87.636282)",33,1,3,11,"12"
"84",95,84,84,84,84,"Stony Island Ave & 64th St",,11,11,"In Service",41.778881,-87.586647,"(41.778881, -87.586647)",9,15,1,4,"26"
"85",96,85,85,85,85,"Desplaines St & Randolph St",,23,23,"In Service",41.88461619,-87.644570585,"(41.88461618962, -87.6445705849)",20,3,26,32,"9"
"86",97,86,86,86,86,"Field Museum",,55,55,"In Service",41.865312,-87.617867,"(41.865312, -87.617867)",31,12,33,39,"7"
"87",98,87,87,87,87,"LaSalle St & Washington St",,15,15,"In Service",41.882664,-87.63253,"(41.882664, -87.63253)",20,17,36,29,"20"
"88",99,88,88,88,88,"Lake Shore Dr & Ohio St",,19,19,"In Service",41.89257,-87.614492,"(41.89257, -87.614492)",38,23,35,1,"10"
"89",100,89,89,89,89,"Orleans St & Merchandise Mart Plaza",,35,35,"In Service",41.888243,-87.63639,"(41.888243, -87.63639)",20,3,36,12,"9"
"90",101,90,90,90,90,"63rd St Beach",,15,15,"In Service",41.781016372,-87.57611976,"(41.78101637196, -87.5761197602)",9,15,1,4,"26"
"91",102,91,91,91,91,"Stony Island Ave & 67th St",,11,11,"In Service",41.773458499,-87.585339739,"(41.77345849948, -87.5853397391)",9,15,1,4,"26"
"92",103,92,92,92,92,"Clinton St & Polk St",,15,15,"In Service",41.871466518,-87.640949133,"(41.87146651779, -87.6409491327)",20,3,36,32,"39"
"93",106,93,93,93,93,"State St & Pearson St",,27,27,"In Service",41.897448,-87.628722,"(41.897448, -87.628722)",5,37,37,20,"10"
"94",107,94,94,94,94,"Desplaines St & Jackson Blvd",,27,27,"In Service",41.878287,-87.643909,"(41.878287, -87.643909)",20,3,36,32,"39"
"95",108,95,95,95,95,"Halsted St & Polk St",,19,19,"In Service",41.87184,-87.64664,"(41.87184, -87.64664)",2,39,18,32,"39"
"96",109,96,96,96,96,"900 W Harrison St",,19,19,"In Service",41.874754,-87.649807,"(41.874754, -87.649807)",2,39,26,32,"39"
"97",110,97,97,97,97,"Dearborn St & Erie St",,27,27,"In Service",41.893992,-87.629318,"(41.893992, -87.629318)",38,37,35,20,"10"
"98",111,98,98,98,98,"Sedgwick St & Huron St",,27,27,"In Service",41.894666,-87.638437,"(41.894666, -87.638437)",5,37,37,12,"9"
"99",112,99,99,99,99,"Green St & Randolph St",,15,15,"In Service",41.883668,-87.64867,"(41.883668, -87.64867)",2,3,26,32,"4"
"100",113,100,100,100,100,"Bissell St & Armitage Ave",,15,15,"In Service",41.91844,-87.65222,"(41.91844, -87.65222)",28,18,40,11,"2"
"101",114,101,101,101,101,"Sheffield Ave & Waveland Ave",,27,27,"In Service",41.949399,-87.654529,"(41.949399, -87.654529)",29,27,17,15,"35"
"102",115,102,102,102,102,"Sheffield Ave & Wellington Ave",,23,23,"In Service",41.936266,-87.652662,"(41.936266, -87.652662)",13,19,27,6,"8"
"103",116,103,103,103,103,"Western Ave & Winnebago Ave",,15,15,"In Service",41.91552,-87.687022,"(41.91552, -87.687022)",23,7,23,31,"38"
"104",117,104,104,104,104,"Wilton Ave & Belmont Ave",,27,27,"In Service",41.94018,-87.65304,"(41.94018, -87.65304)",13,19,27,6,"8"
"105",118,105,105,105,105,"Sedgwick St & North Ave",,19,19,"In Service",41.911386,-87.638677,"(41.911386, -87.638677)",5,1,37,11,"12"
"106",119,106,106,106,106,"Ashland Ave & Lake St",,19,19,"In Service",41.88592,-87.66717,"(41.88592, -87.66717)",4,4,32,14,"4"
"107",120,107,107,107,107,"Wentworth Ave & Cermak Rd (Temp)",,19,19,"In Service",41.853005,-87.630578,"(41.853005, -87.630578)",31,22,33,39,"7"
"108",121,108,108,108,108,"Blackstone Ave & Hyde Park Blvd",,19,19,"In Service",41.802562,-87.590368,"(41.802562, -87.590368)",17,5,24,40,"28"
"109",122,109,109,109,109,"Ogden Ave & Congress Pkwy",,15,15,"In Service",41.87501,-87.67328,"(41.87501, -87.67328)",4,38,38,13,"32"
"110",123,110,110,110,110,"California Ave & Milwaukee Ave",,15,15,"In Service",41.922695,-87.697153,"(41.922695, -87.697153)",10,7,12,21,"37"
"111",124,111,111,111,111,"Damen Ave & Cullerton St",,15,15,"In Service",41.855048,-87.675726,"(41.855048, -87.675726)",40,6,38,13,"22"
"112",125,112,112,112,112,"Rush St & Hubbard St",,23,23,"In Service",41.890173,-87.626185,"(41.890173, -87.626185)",38,23,35,1,"10"
"113",126,113,113,113,113,"Clark St & North Ave",,15,15,"In Service",41.911974,-87.631942,"(41.911974, -87.631942)",5,1,37,20,"12"
"114",127,114,114,114,114,"Lincoln Ave & Fullerton Ave",,15,15,"In Service",41.925905,-87.64926,"(41.925905, -87.64926)",33,18,3,9,"2"
"115",128,115,115,115,115,"Damen Ave & Chicago Ave",,19,19,"In Service",41.895769,-87.67722,"(41.895769, -87.67722)",4,11,32,14,"16"
"116",129,116,116,116,116,"Blue Island Ave & 18th St",,15,15,"In Service",41.857556,-87.661535,"(41.857556, -87.661535)",40,6,18,28,"22"
"117",130,117,117,117,117,"Damen Ave & Division St",,19,19,"In Service",41.903266,-87.678435,"(41.903266, -87.678435)",23,11,32,31,"16"
"118",131,118,118,118,118,"Lincoln Ave & Belmont Ave",,15,15,"In Service",41.939365,-87.668385,"(41.939365, -87.668385)",13,21,27,2,"8"
"119",132,119,119,119,119,"Wentworth Ave & 24th St (Temp)",,15,15,"In Service",41.850083693,-87.632140517,"(41.85008369347577, -87.6321405172348)",31,22,33,39,"7"
"120",133,120,120,120,120,"Kingsbury St & Kinzie St",,31,31,"In Service",41.889176833,-87.638505772,"(41.88917683258, -87.6385057718)",20,3,36,12,"9"
"121",134,121,121,121,121,"Peoria St & Jackson Blvd",,23,23,"In Service",41.877641596,-87.649617791,"(41.8776415962753, -87.64961779117584)",2,39,26,32,"39"
"122",135,122,122,122,122,"Halsted St & 21st St",,11,11,"In Service",41.85378,-87.64665,"(41.85378, -87.64665)",40,6,18,28,"22"
"123",136,123,123,123,123,"Racine Ave & 13th St",,15,15,"In Service",41.865054,-87.656959,"(41.865054, -87.656959)",40,6,18,28,"22"
"124",137,124,124,124,124,"Morgan Ave & 14th Pl",,15,15,"In Service",41.862378,-87.651062,"(41.862378, -87.651062)",40,6,18,28,"22"
"125",138,125,125,125,125,"Clybourn Ave & Division St",,15,15,"In Service",41.904613,-87.640552,"(41.904613, -87.640552)",5,37,37,11,"12"
"126",140,126,126,126,126,"Dearborn Pkwy & Delaware Pl",,19,19,"In Service",41.898969,-87.629912,"(41.898969, -87.629912)",5,37,37,20,"12"
"127",141,127,127,127,127,"Clark St & Lincoln Ave",,23,23,"In Service",41.915689,-87.6346,"(41.915689, -87.6346)",5,1,37,11,"12"
"128",142,128,128,128,128,"McClurg Ct & Erie St",,31,31,"In Service",41.894503,-87.617854,"(41.894503, -87.617854)",38,23,35,1,"10"
"129",143,129,129,129,129,"Sedgwick St & Webster Ave",,15,15,"In Service",41.922167,-87.638888,"(41.922167, -87.638888)",33,1,3,9,"29"
"130",144,130,130,130,130,"Larrabee St & Webster Ave",,19,19,"In Service",41.921822,-87.64414,"(41.921822, -87.64414)",33,1,3,11,"2"
"131",145,131,131,131,131,"Mies van der Rohe Way & Chestnut St",,19,19,"In Service",41.898586651,-87.621915226,"(41.8985866514, -87.6219152258)",38,23,35,20,"10"
"132",146,132,132,132,132,"Loomis St & Jackson Blvd",,19,19,"In Service",41.877945,-87.662007,"(41.877945, -87.662007)",2,4,26,13,"4"
"133",147,133,133,133,133,"Indiana Ave & 26th St",,15,15,"In Service",41.845687,-87.622481,"(41.845687, -87.622481)",26,22,9,39,"7"
"134",148,134,134,134,134,"State St & 33rd St",,15,15,"In Service",41.834734,-87.625813,"(41.834734, -87.625813)",26,32,9,7,"36"
"135",149,135,135,135,135,"Calumet Ave & 33rd St",,11,11,"In Service",41.8349,-87.61793,"(41.8349, -87.61793)",26,32,9,7,"36"
"136",150,136,136,136,136,"Fort Dearborn Dr & 31st St",,27,27,"In Service",41.838556,-87.608218,"(41.838556, -87.608218)",26,32,9,7,"36"
"137",152,137,137,137,137,"Lincoln Ave & Diversey Pkwy",,15,15,"In Service",41.932225,-87.658617,"(41.932225, -87.658617)",13,18,27,6,"8"
"138",153,138,138,138,138,"Southport Ave & Wellington Ave",,19,19,"In Service",41.935733,-87.663576,"(41.935733, -87.663576)",13,18,27,6,"8"
"139",154,139,139,139,139,"Southport Ave & Belmont Ave",,15,15,"In Service",41.93949,-87.66378,"(41.93949, -87.66378)",13,21,27,6,"8"
"140",156,140,140,140,140,"Clark St & Wellington Ave",,15,15,"In Service",41.936496822,-87.647538658,"(41.9364968219, -87.6475386582)",33,19,3,9,"29"
"141",157,141,141,141,141,"Lake Shore Dr & Wellington Ave",,15,15,"In Service",41.936688449,-87.636829019,"(41.9366884494997, -87.63682901859283)",33,19,3,9,"29"
"142",158,142,142,142,142,"Milwaukee Ave & Wabansia Ave",,15,15,"In Service",41.912616,-87.681391,"(41.912616, -87.681391)",23,7,23,33,"38"
"143",159,143,143,143,143,"Claremont Ave & Hirsch St",,11,11,"In Service",41.907781,-87.685854,"(41.907781, -87.685854)",32,7,23,31,"38"
"144",160,144,144,144,144,"Campbell Ave & North Ave",,15,15,"In Service",41.910535,-87.689556,"(41.910535, -87.689556)",32,7,12,31,"38"
"145",161,145,145,145,145,"Rush St & Superior St",,23,23,"In Service",41.895764746,-87.625908033,"(41.89576474564, -87.6259080327)",38,23,35,20,"10"
"146",162,146,146,146,146,"Damen Ave & Wellington Ave",,15,15,"In Service",41.93588,-87.67842,"(41.93588, -87.67842)",3,21,20,19,"14"
"147",163,147,147,147,147,"Damen Ave & Clybourn Ave",,15,15,"In Service",41.931931,-87.677856,"(41.931931, -87.677856)",3,7,27,19,"14"
"148",164,148,148,148,148,"Franklin St & Lake St",,27,27,"In Service",41.885837,-87.6355,"(41.885837, -87.6355)",20,3,36,12,"9"
"149",165,149,149,149,149,"Clark St & Grace St",,23,23,"In Service",41.95078,-87.659172,"(41.95078, -87.659172)",8,27,17,2,"35"
"150",166,150,150,150,150,"Ashland Ave & Wrightwood Ave",,15,15,"In Service",41.92883,-87.668507,"(41.92883, -87.668507)",13,18,27,6,"8"
"151",167,151,151,151,151,"Damen Ave & Coulter St",,7,7,"In Service",41.8492,-87.67564,"(41.8492, -87.67564)",40,30,28,35,"22"
"152",168,152,152,152,152,"Michigan Ave & 14th St",,19,19,"In Service",41.864059,-87.623727,"(41.864059, -87.623727)",31,12,33,39,"7"
"153",169,153,153,153,153,"Canal St & Harrison St",,15,15,"In Service",41.874255,-87.639573,"(41.874255, -87.639573)",20,3,36,32,"39"
"154",170,154,154,154,154,"Clinton St & 18th St",,15,15,"In Service",41.85795,-87.640826,"(41.85795, -87.640826)",31,22,18,28,"39"
"155",171,155,155,155,155,"May St & Cullerton St",,11,11,"In Service",41.855136,-87.654127,"(41.855136, -87.654127)",40,6,18,28,"22"
"156",172,156,156,156,156,"Rush St & Cedar St",,11,11,"In Service",41.902308701,-87.627690528,"(41.90230870122, -87.627690528)",5,37,37,20,"12"
"157",173,157,157,157,157,"Mies van der Rohe Way & Chicago Ave",,15,15,"In Service",41.89691,-87.621743,"(41.89691, -87.621743)",38,23,35,1,"10"
"158",174,158,158,158,158,"Canal St & Madison St",,35,35,"In Service",41.882091,-87.639833,"(41.882091, -87.639833)",20,3,36,32,"39"
"159",175,159,159,159,159,"Wells St & Polk St",,19,19,"In Service",41.872596,-87.633502,"(41.872596, -87.633502)",20,17,36,29,"20"
"160",176,160,160,160,160,"Clark St & Elm St",,39,39,"In Service",41.902973,-87.63128,"(41.902973, -87.63128)",5,37,37,20,"12"
"161",177,161,161,161,161,"Theater on the Lake",,31,31,"In Service",41.926277,-87.630834,"(41.926277, -87.630834)",33,1,3,9,"29"
"162",178,162,162,162,162,"State St & 19th St",,15,15,"In Service",41.856594,-87.627542,"(41.856594, -87.627542)",31,22,33,39,"7"
"163",179,163,163,163,163,"MLK Jr Dr & Pershing Rd",,15,15,"In Service",41.8246,-87.61678,"(41.8246, -87.61678)",26,32,9,7,"36"
"164",180,164,164,164,164,"Ritchie Ct & Banks St",,15,15,"In Service",41.906866,-87.626217,"(41.906866, -87.626217)",5,37,37,20,"12"
"165",181,165,165,165,165,"LaSalle St & Illinois St",,31,31,"In Service",41.890762,-87.631697,"(41.890762, -87.631697)",38,37,35,12,"9"
"166",182,166,166,166,166,"Wells St & Elm St",,23,23,"In Service",41.903222,-87.634324,"(41.903222, -87.634324)",5,37,37,20,"12"
"167",183,167,167,167,167,"Damen Ave & Thomas St (Augusta Blvd)",,23,23,"In Service",41.901315,-87.677409,"(41.901315, -87.677409)",23,11,32,31,"16"
"168",184,168,168,168,168,"State St & 35th St",,19,19,"In Service",41.8309,-87.62803,"(41.8309, -87.62803)",26,32,9,7,"36"
"169",185,169,169,169,169,"Stave St & Armitage Ave",,11,11,"In Service",41.917741,-87.691392,"(41.917741, -87.691392)",10,7,12,31,"38"
"170",186,170,170,170,170,"Ogden Ave & Race Ave",,15,15,"In Service",41.891795,-87.658751,"(41.891795, -87.658751)",2,4,26,14,"4"
"171",188,171,171,171,171,"Greenview Ave & Fullerton Ave",,15,15,"In Service",41.92533,-87.6658,"(41.92533, -87.6658)",13,18,27,6,"8"
"172",190,172,172,172,172,"Southport Ave & Wrightwood Ave",,15,15,"In Service",41.928773,-87.663913,"(41.928773, -87.663913)",13,18,27,6,"8"
"173",191,173,173,173,173,"Canal St & Monroe St",,27,27,"In Service",41.88169,-87.63953,"(41.88169, -87.63953)",20,3,36,32,"39"
"174",192,174,174,174,174,"Canal St & Adams St",,47,47,"In Service",41.879255,-87.639904,"(41.879255, -87.639904)",20,3,36,32,"39"
"175",193,175,175,175,175,"State St & 29th St",,11,11,"In Service",41.841707,-87.626938,"(41.841707, -87.626938)",26,22,9,7,"36"
"176",194,176,176,176,176,"Wabash Ave & Wacker Pl",,19,19,"In Service",41.886875,-87.62603,"(41.886875, -87.62603)",38,23,35,1,"10"
"177",195,177,177,177,177,"Columbus Dr & Randolph St",,55,55,"In Service",41.884728,-87.619521,"(41.884728, -87.619521)",38,23,35,1,"10"
"178",196,178,178,178,178,"Cityfront Plaza Dr & Pioneer Ct",,31,31,"In Service",41.890573,-87.622072,"(41.890573, -87.622072)",38,23,35,1,"10"
"179",197,179,179,179,179,"Michigan Ave & Madison St",,19,19,"In Service",41.882134,-87.625125,"(41.882134, -87.625125)",38,17,35,29,"20"
"180",198,180,180,180,180,"Green St & Madison St",,27,27,"In Service",41.881892,-87.648789,"(41.881892, -87.648789)",2,3,26,32,"4"
"181",199,181,181,181,181,"Wabash Ave & Grand Ave",,31,31,"In Service",41.891466,-87.626761,"(41.891466, -87.626761)",38,23,35,1,"10"
"182",200,182,182,182,182,"MLK Jr Dr & 47th St",,11,11,"In Service",41.809851,-87.616279,"(41.809851, -87.616279)",30,32,24,40,"33"
"183",201,183,183,183,183,"Indiana Ave & 40th St",,11,11,"In Service",41.82168,-87.6216,"(41.82168, -87.6216)",26,32,9,7,"36"
"184",202,184,184,184,184,"Halsted St & 18th St",,15,15,"In Service",41.857499,-87.646277,"(41.857499, -87.646277)",40,6,18,28,"22"
"185",203,185,185,185,185,"Western Ave & 21st St",,15,15,"In Service",41.854109,-87.685838,"(41.854109, -87.685838)",21,8,39,23,"25"
"186",204,186,186,186,186,"Prairie Ave & Garfield Blvd",,11,11,"In Service",41.794853,-87.618691,"(41.794853, -87.618691)",30,10,7,18,"1"
"187",205,187,187,187,187,"Paulina St & 18th St",,15,15,"In Service",41.857901,-87.668745,"(41.857901, -87.668745)",40,6,38,13,"22"
"188",206,188,188,188,188,"Halsted St & Archer Ave",,15,15,"In Service",41.847203,-87.646795,"(41.847203, -87.646795)",1,25,8,27,"15"
"189",207,189,189,189,189,"Emerald Ave & 28th St",,15,15,"In Service",41.84358,-87.645368,"(41.84358, -87.645368)",1,25,8,27,"15"
"190",208,190,190,190,190,"Ashland Ave & 21st St",,15,15,"In Service",41.85381,-87.665897,"(41.85381, -87.665897)",40,6,18,28,"22"
"191",209,191,191,191,191,"Normal Ave & Archer Ave",,11,11,"In Service",41.849527,-87.640591,"(41.849527, -87.640591)",1,22,8,27,"15"
"192",210,192,192,192,192,"Ashland Ave & Division St",,27,27,"In Service",41.90345,-87.667747,"(41.90345, -87.667747)",23,11,32,14,"16"
"193",211,193,193,193,193,"St. Clair St & Erie St",,19,19,"In Service",41.894448,-87.622663,"(41.894448, -87.622663)",38,23,35,1,"10"
"194",212,194,194,194,194,"Wells St & Hubbard St",,31,31,"In Service",41.889906,-87.634266,"(41.889906, -87.634266)",20,37,36,12,"9"
"195",213,195,195,195,195,"Leavitt St & North Ave",,15,15,"In Service",41.910153,-87.68229,"(41.910153, -87.68229)",23,7,23,31,"38"
"196",214,196,196,196,196,"Damen Ave & Grand Ave",,23,23,"In Service",41.89122,-87.67686,"(41.89122, -87.67686)",4,11,32,14,"16"
"197",215,197,197,197,197,"Damen Ave & Madison St",,15,15,"In Service",41.88137,-87.67493,"(41.88137, -87.67493)",4,38,38,13,"32"
"198",216,198,198,198,198,"California Ave & Division St",,15,15,"In Service",41.903029,-87.697474,"(41.903029, -87.697474)",32,24,12,31,"6"
"199",217,199,199,199,199,"Elizabeth (May) St & Fulton St",,15,15,"In Service",41.886616486,-87.658039927,"(41.886616486027656, -87.6580399274826)",2,4,26,14,"4"
"200",218,200,200,200,200,"Wells St & 19th St",,11,11,"In Service",41.856802,-87.633879,"(41.856802, -87.633879)",31,22,33,39,"7"
"201",219,201,201,201,201,"Damen Ave & Cortland St",,19,19,"In Service",41.915983,-87.677335,"(41.915983, -87.677335)",23,7,23,33,"38"
"202",220,202,202,202,202,"Clark St & Drummond Pl",,23,23,"In Service",41.931248,-87.644336,"(41.931248, -87.644336)",33,19,3,9,"29"
"203",222,203,203,203,203,"Milwaukee Ave & Rockwell St",,19,19,"In Service",41.920195,-87.693033,"(41.920195, -87.693033)",10,7,12,21,"38"
"204",223,204,204,204,204,"Clifton Ave & Armitage Ave",,15,15,"In Service",41.918216,-87.656936,"(41.918216, -87.656936)",28,18,40,6,"2"
"205",224,205,205,205,205,"Halsted St & Willow St",,19,19,"In Service",41.913865,-87.648755,"(41.913865, -87.648755)",28,1,40,11,"2"
"206",225,206,206,206,206,"Halsted St & Dickens Ave",,23,23,"In Service",41.919936,-87.64883,"(41.919936, -87.64883)",33,1,40,11,"2"
"207",226,207,207,207,207,"Racine Ave & Belmont Ave",,15,15,"In Service",41.939743,-87.658865,"(41.939743, -87.658865)",13,19,27,6,"8"
"208",227,208,208,208,208,"Southport Ave & Waveland Ave",,23,23,"In Service",41.94815,-87.66394,"(41.94815, -87.66394)",8,21,20,2,"8"
"209",228,209,209,209,209,"Damen Ave & Melrose Ave",,15,15,"In Service",41.9406,-87.6785,"(41.9406, -87.6785)",3,21,20,19,"14"
"210",229,210,210,210,210,"Southport Ave & Roscoe St",,19,19,"In Service",41.943739,-87.66402,"(41.943739, -87.66402)",8,21,27,2,"8"
"211",230,211,211,211,211,"Lincoln Ave & Roscoe St",,19,19,"In Service",41.94334,-87.67097,"(41.94334, -87.67097)",8,21,20,2,"8"
"212",231,212,212,212,212,"Sheridan Rd & Montrose Ave",,23,23,"In Service",41.96167,-87.65464,"(41.96167, -87.65464)",29,27,17,15,"35"
"213",232,213,213,213,213,"Pine Grove Ave & Waveland Ave",,23,23,"In Service",41.949275,-87.646303,"(41.949275, -87.646303)",29,19,17,15,"35"
"214",233,214,214,214,214,"Sangamon St & Washington Blvd",,15,15,"In Service",41.883165,-87.6511,"(41.883165, -87.6511)",2,4,26,32,"4"
"215",234,215,215,215,215,"Clark St & Montrose Ave",,19,19,"In Service",41.961588,-87.666036,"(41.961588, -87.666036)",8,27,17,2,"19"
"216",236,216,216,216,216,"Sedgwick St & Schiller St",,15,15,"In Service",41.907626,-87.638566,"(41.907626, -87.638566)",5,1,37,11,"12"
"217",237,217,217,217,217,"MLK Jr Dr & 29th St",,19,19,"In Service",41.842052,-87.617,"(41.842052, -87.617)",26,32,9,7,"36"
"218",238,218,218,218,218,"Wolcott (Ravenswood) Ave & Montrose Ave",,15,15,"In Service",41.961406,-87.676169,"(41.961406, -87.676169)",22,21,20,30,"19"
"219",239,219,219,219,219,"Western Ave & Leland Ave",,15,15,"In Service",41.96581646,-87.686498165,"(41.96581646001197, -87.68649816513062)",22,33,11,30,"19"
"220",240,220,220,220,220,"Sheridan Rd & Irving Park Rd",,27,27,"In Service",41.954245,-87.654406,"(41.954245, -87.654406)",29,27,17,15,"35"
"221",241,221,221,221,221,"Morgan St & Polk St",,19,19,"In Service",41.871737,-87.65103,"(41.871737, -87.65103)",2,39,18,32,"39"
"222",242,222,222,222,222,"Damen Ave & Leland Ave",,15,15,"In Service",41.967094,-87.679028,"(41.967094, -87.679028)",22,13,20,30,"19"
"223",243,223,223,223,223,"Lincoln Ave & Sunnyside Ave",,15,15,"In Service",41.963004,-87.684781,"(41.963004, -87.684781)",22,33,20,30,"19"
"224",244,224,224,224,224,"Ravenswood Ave & Irving Park Rd",,19,19,"In Service",41.95469,-87.67393,"(41.95469, -87.67393)",8,21,20,2,"19"
"225",245,225,225,225,225,"Clarendon Ave & Junior Ter",,23,23,"In Service",41.961004,-87.649603,"(41.961004, -87.649603)",29,27,17,15,"35"
"226",246,226,226,226,226,"Ashland Ave & Belle Plaine Ave",,11,11,"In Service",41.956057,-87.668835,"(41.956057, -87.668835)",8,21,20,2,"19"
"227",247,227,227,227,227,"Shore Dr & 55th St",,19,19,"In Service",41.795212,-87.580715,"(41.795212, -87.580715)",9,5,1,4,"28"
"228",248,228,228,228,228,"Woodlawn Ave & 55th St",,19,19,"In Service",41.795264,-87.596471,"(41.795264, -87.596471)",17,5,24,40,"28"
"229",249,229,229,229,229,"Montrose Harbor",,31,31,"In Service",41.963982,-87.638181,"(41.963982, -87.638181)",29,27,17,15,"35"
"230",250,230,230,230,230,"Ashland Ave & Wellington Ave",,19,19,"In Service",41.936083,-87.669807,"(41.936083, -87.669807)",13,21,27,6,"8"
"231",251,231,231,231,231,"Clarendon Ave & Leland Ave",,15,15,"In Service",41.967968,-87.650001,"(41.967968, -87.650001)",29,27,17,15,"35"
"232",252,232,232,232,232,"Greenwood Ave & 47th St",,15,15,"In Service",41.809835,-87.599383,"(41.809835, -87.599383)",17,5,24,40,"28"
"233",253,233,233,233,233,"Winthrop Ave & Lawrence Ave",,15,15,"In Service",41.968812,-87.657659,"(41.968812, -87.657659)",29,27,17,3,"35"
"234",254,234,234,234,234,"Pine Grove Ave & Irving Park Rd",,15,15,"In Service",41.954383,-87.648043,"(41.954383, -87.648043)",29,27,17,15,"35"
"235",255,235,235,235,235,"Indiana Ave & Roosevelt Rd",,39,39,"In Service",41.867888,-87.623041,"(41.867888, -87.623041)",31,12,33,39,"7"
"236",256,236,236,236,236,"Broadway & Sheridan Rd",,15,15,"In Service",41.952833,-87.649993,"(41.952833, -87.649993)",29,27,17,15,"35"
"237",257,237,237,237,237,"Lincoln Ave & Waveland Ave",,15,15,"In Service",41.948797,-87.675278,"(41.948797, -87.675278)",8,21,20,2,"14"
"238",258,238,238,238,238,"Logan Blvd & Elston Ave",,27,27,"In Service",41.929465,-87.684158,"(41.929465, -87.684158)",3,7,23,19,"38"
"239",259,239,239,239,239,"California Ave & Francis Pl (Temp)",,15,15,"In Service",41.918491154,-87.697422802,"(41.91849115368695, -87.69742280244827)",10,7,12,21,"37"
"240",260,240,240,240,240,"Kedzie Ave & Milwaukee Ave",,35,35,"In Service",41.929567,-87.707857,"(41.929567, -87.707857)",10,31,25,21,"37"
"241",261,241,241,241,241,"Hermitage Ave & Polk St",,15,15,"In Service",41.871514,-87.669886,"(41.871514, -87.669886)",4,38,38,13,"32"
"242",262,242,242,242,242,"Halsted St & 37th St",,11,11,"In Service",41.827059,-87.64572,"(41.827059, -87.64572)",1,25,8,27,"15"
"243",263,243,243,243,243,"Rhodes Ave & 32nd St",,11,11,"In Service",41.836208,-87.613533,"(41.836208, -87.613533)",26,32,9,7,"36"
"244",264,244,244,244,244,"Stetson Ave & South Water St",,19,19,"In Service",41.886835,-87.62232,"(41.886835, -87.62232)",38,23,35,1,"10"
"245",265,245,245,245,245,"Cottage Grove Ave & Oakwood Blvd",,15,15,"In Service",41.822985,-87.6071,"(41.822985, -87.6071)",26,32,9,7,"36"
"246",267,246,246,246,246,"Lake Park Ave & 47th St",,15,15,"In Service",41.809443,-87.591875,"(41.809443, -87.591875)",17,5,24,40,"28"
"247",268,247,247,247,247,"Lake Shore Dr & North Blvd",,39,39,"In Service",41.911722,-87.626804,"(41.911722, -87.626804)",5,1,37,20,"12"
"248",270,248,248,248,248,"Stony Island Ave & 75th St",,11,11,"In Service",41.75866967,-87.586882871,"(41.7586696704, -87.586882871)",35,20,31,37,"3"
"249",271,249,249,249,249,"Cottage Grove Ave & 43rd St",,11,11,"In Service",41.816499,-87.606582,"(41.816499, -87.606582)",17,32,24,40,"36"
"250",272,250,250,250,250,"Indiana Ave & 31st St",,11,11,"In Service",41.838842,-87.621857,"(41.838842, -87.621857)",26,32,9,7,"36"
"251",273,251,251,251,251,"Michigan Ave & 18th St",,23,23,"In Service",41.857813,-87.62455,"(41.857813, -87.62455)",31,12,33,39,"7"
"252",274,252,252,252,252,"Racine Ave & 15th St",,15,15,"In Service",41.861267,-87.656625,"(41.861267, -87.656625)",40,6,18,28,"22"
"253",275,253,253,253,253,"Ashland Ave & 13th St",,15,15,"In Service",41.865234,-87.666507,"(41.865234, -87.666507)",40,6,38,13,"22"
"254",276,254,254,254,254,"California Ave & North Ave",,11,11,"In Service",41.91044,-87.6972,"(41.91044, -87.6972)",10,7,12,31,"37"
"255",277,255,255,255,255,"Ashland Ave & Grand Ave",,15,15,"In Service",41.891072,-87.666611,"(41.891072, -87.666611)",4,4,32,14,"4"
"256",278,256,256,256,256,"Wallace St & 35th St",,15,15,"In Service",41.830629,-87.64129,"(41.830629, -87.64129)",1,25,8,27,"15"
"257",279,257,257,257,257,"Halsted St & 35th St",,15,15,"In Service",41.830661,-87.647172,"(41.830661, -87.647172)",1,25,8,27,"15"
"258",280,258,258,258,258,"Morgan St & 31st St",,11,11,"In Service",41.8378,-87.65114,"(41.8378, -87.65114)",1,25,8,27,"15"
"259",281,259,259,259,259,"Western Ave & 24th St",,7,7,"In Service",41.84847,-87.685109,"(41.84847, -87.685109)",21,8,39,23,"25"
"260",282,260,260,260,260,"Halsted St & Maxwell St",,15,15,"In Service",41.864883,-87.647071,"(41.864883, -87.647071)",40,39,18,28,"39"
"261",283,261,261,261,261,"LaSalle St & Jackson Blvd",,35,35,"In Service",41.878166,-87.631929,"(41.878166, -87.631929)",20,17,36,29,"20"
"262",284,262,262,262,262,"Michigan Ave & Jackson Blvd",,23,23,"In Service",41.87785,-87.62408,"(41.87785, -87.62408)",38,17,36,29,"20"
"263",285,263,263,263,263,"Wood St & Hubbard St",,19,19,"In Service",41.889899,-87.671473,"(41.889899, -87.671473)",4,11,32,14,"16"
"264",286,264,264,264,264,"Franklin St & Adams St (Temp)",,15,15,"In Service",41.879434091,-87.635504007,"(41.87943409140013, -87.63550400733948)",20,3,36,29,"20"
"265",287,265,265,265,265,"Franklin St & Monroe St",,31,31,"In Service",41.880317,-87.635185,"(41.880317, -87.635185)",20,3,36,29,"20"
"266",288,266,266,266,266,"Larrabee St & Armitage Ave",,15,15,"In Service",41.918084,-87.643749,"(41.918084, -87.643749)",33,1,40,11,"2"
"267",289,267,267,267,267,"Wells St & Concord Ln",,19,19,"In Service",41.912133,-87.634656,"(41.912133, -87.634656)",5,1,37,11,"12"
"268",290,268,268,268,268,"Kedzie Ave & Palmer Ct",,15,15,"In Service",41.921525,-87.707322,"(41.921525, -87.707322)",10,31,25,21,"37"
"269",291,269,269,269,269,"Wells St & Evergreen Ave",,19,19,"In Service",41.906724,-87.63483,"(41.906724, -87.63483)",5,37,37,20,"12"
"270",292,270,270,270,270,"Southport Ave & Clark St",,11,11,"In Service",41.957081,-87.664199,"(41.957081, -87.664199)",8,27,17,2,"35"
"271",293,271,271,271,271,"Broadway & Wilson Ave",,23,23,"In Service",41.965221,-87.658139,"(41.965221, -87.658139)",29,27,17,15,"35"
"272",294,272,272,272,272,"Broadway & Berwyn Ave",,15,15,"In Service",41.978353,-87.659753,"(41.978353, -87.659753)",36,13,14,3,"18"
"273",295,273,273,273,273,"Broadway & Argyle St",,19,19,"In Service",41.973815,-87.65966,"(41.973815, -87.65966)",36,13,14,3,"35"
"274",296,274,274,274,274,"Broadway & Belmont Ave",,19,19,"In Service",41.940106,-87.645451,"(41.940106, -87.645451)",33,19,3,9,"29"
"275",297,275,275,275,275,"Paulina St & Montrose Ave",,15,15,"In Service",41.961507,-87.671387,"(41.961507, -87.671387)",8,21,20,30,"19"
"276",298,276,276,276,276,"Lincoln Ave & Belle Plaine Ave",,15,15,"In Service",41.95602,-87.680293,"(41.95602, -87.680293)",22,21,20,30,"19"
"277",299,277,277,277,277,"Halsted St & Roscoe St",,15,15,"In Service",41.94367,-87.64895,"(41.94367, -87.64895)",29,19,17,15,"29"
"278",300,278,278,278,278,"Broadway & Barry Ave",,19,19,"In Service",41.937725,-87.644095,"(41.937725, -87.644095)",33,19,3,9,"29"
"279",301,279,279,279,279,"Clark St & Schiller St",,19,19,"In Service",41.907993,-87.631501,"(41.907993, -87.631501)",5,37,37,20,"12"
"280",302,280,280,280,280,"Sheffield Ave & Wrightwood Ave",,31,31,"In Service",41.928712,-87.653833,"(41.928712, -87.653833)",13,18,27,6,"2"
"281",303,281,281,281,281,"Broadway & Cornelia Ave",,23,23,"In Service",41.945529,-87.646439,"(41.945529, -87.646439)",29,19,17,15,"29"
"282",304,282,282,282,282,"Broadway & Waveland Ave",,15,15,"In Service",41.949074,-87.648636,"(41.949074, -87.648636)",29,19,17,15,"35"
"283",305,283,283,283,283,"Western Ave & Division St",,23,23,"In Service",41.902893,-87.687275,"(41.902893, -87.687275)",32,11,23,31,"16"
"284",306,284,284,284,284,"Sheridan Rd & Buena Ave",,19,19,"In Service",41.958494,-87.654966,"(41.958494, -87.654966)",29,27,17,15,"35"
"285",307,285,285,285,285,"Southport Ave & Clybourn Ave",,15,15,"In Service",41.920771,-87.663712,"(41.920771, -87.663712)",13,18,27,6,"2"
"286",308,286,286,286,286,"Seeley Ave & Roscoe St",,11,11,"In Service",41.943403,-87.679618,"(41.943403, -87.679618)",3,21,20,19,"14"
"287",309,287,287,287,287,"Leavitt St & Armitage Ave",,11,11,"In Service",41.917805,-87.682437,"(41.917805, -87.682437)",23,7,23,33,"38"
"288",310,288,288,288,288,"Damen Ave & Charleston St",,11,11,"In Service",41.920082,-87.677855,"(41.920082, -87.677855)",23,7,23,33,"38"
"289",311,289,289,289,289,"Leavitt St & Lawrence Ave",,19,19,"In Service",41.968885,-87.684001,"(41.968885, -87.684001)",22,33,11,30,"19"
"290",312,290,290,290,290,"Clarendon Ave & Gordon Ter",,15,15,"In Service",41.957879,-87.649519,"(41.957879, -87.649519)",29,27,17,15,"35"
"291",313,291,291,291,291,"Lakeview Ave & Fullerton Pkwy",,19,19,"In Service",41.925858,-87.638973,"(41.925858, -87.638973)",33,1,3,9,"29"
"292",314,292,292,292,292,"Ravenswood Ave & Berteau Ave",,15,15,"In Service",41.957921,-87.673567,"(41.957921, -87.673567)",8,21,20,2,"19"
"293",315,293,293,293,293,"Elston Ave & Wabansia Ave",,23,23,"In Service",41.912919,-87.664169,"(41.912919, -87.664169)",23,18,40,33,"2"
"294",316,294,294,294,294,"Damen Ave & Sunnyside Ave",,19,19,"In Service",41.96325,-87.679258,"(41.96325, -87.679258)",22,21,20,30,"19"
"295",317,295,295,295,295,"Wood St & Taylor St",,23,23,"In Service",41.869154,-87.671045,"(41.869154, -87.671045)",4,38,38,13,"32"
"296",318,296,296,296,296,"Southport Ave & Irving Park Rd",,15,15,"In Service",41.954177,-87.664358,"(41.954177, -87.664358)",8,21,17,2,"35"
"297",319,297,297,297,297,"Greenview Ave & Diversey Pkwy",,15,15,"In Service",41.932589634,-87.665936351,"(41.93258963429789, -87.66593635082245)",13,18,27,6,"8"
"298",320,298,298,298,298,"Loomis St & Lexington St",,19,19,"In Service",41.872187,-87.661501,"(41.872187, -87.661501)",2,39,18,13,"4"
"299",321,299,299,299,299,"Wabash Ave & 9th St",,19,19,"In Service",41.870769,-87.625734,"(41.870769, -87.625734)",31,17,33,29,"20"
"300",322,300,300,300,300,"Kimbark Ave & 53rd St",,19,19,"In Service",41.799568,-87.594747,"(41.799568, -87.594747)",17,5,24,40,"28"
"301",323,301,301,301,301,"Sheridan Rd & Lawrence Ave",,19,19,"In Service",41.969517,-87.654691,"(41.969517, -87.654691)",29,27,17,3,"35"
"302",324,302,302,302,302,"Stockton Dr & Wrightwood Ave",,15,15,"In Service",41.93132,-87.638742,"(41.93132, -87.638742)",33,19,3,9,"29"
"303",325,303,303,303,303,"Clark St & Winnemac Ave",,19,19,"In Service",41.97334,-87.66778,"(41.97334, -87.66778)",36,13,14,3,"19"
"304",326,304,304,304,304,"Clark St & Leland Ave",,19,19,"In Service",41.967096,-87.667429,"(41.967096, -87.667429)",8,13,14,30,"19"
"305",327,305,305,305,305,"Sheffield Ave & Webster Ave",,19,19,"In Service",41.92154,-87.653818,"(41.92154, -87.653818)",13,18,40,6,"2"
"306",328,306,306,306,306,"Ellis Ave & 58th St",,19,19,"In Service",41.788746,-87.601334,"(41.788746, -87.601334)",17,10,7,18,"1"
"307",329,307,307,307,307,"Lake Shore Dr & Diversey Pkwy",,23,23,"In Service",41.932588,-87.636427,"(41.932588, -87.636427)",33,19,3,9,"29"
"308",330,308,308,308,308,"Lincoln Ave & Addison St",,19,19,"In Service",41.946176,-87.673308,"(41.946176, -87.673308)",8,21,20,2,"14"
"309",331,309,309,309,309,"Halsted St & Clybourn Ave",,27,27,"In Service",41.909668,-87.648128,"(41.909668, -87.648128)",28,1,40,11,"2"
"310",332,310,310,310,310,"Burling St (Halsted) & Diversey Pkwy (Temp)",,19,19,"In Service",41.93314,-87.64776,"(41.93314, -87.64776)",33,19,3,9,"29"
"311",333,311,311,311,311,"Ashland Ave & Blackhawk St",,15,15,"In Service",41.907066,-87.667252,"(41.907066, -87.667252)",23,11,32,33,"16"
"312",334,312,312,312,312,"Lake Shore Dr & Belmont Ave",,19,19,"In Service",41.940775,-87.639192,"(41.940775, -87.639192)",33,19,3,9,"29"
"313",335,313,313,313,313,"Calumet Ave & 35th St",,15,15,"In Service",41.831379,-87.618034,"(41.831379, -87.618034)",26,32,9,7,"36"
"314",336,314,314,314,314,"Cottage Grove Ave & 47th St",,15,15,"In Service",41.809855,-87.606755,"(41.809855, -87.606755)",17,5,24,40,"28"
"315",337,315,315,315,315,"Clark St & Chicago Ave",,19,19,"In Service",41.89675,-87.63089,"(41.89675, -87.63089)",5,37,37,20,"9"
"316",338,316,316,316,316,"Calumet Ave & 18th St",,15,15,"In Service",41.857611,-87.619407,"(41.857611, -87.619407)",31,12,33,39,"7"
"317",339,317,317,317,317,"Emerald Ave & 31st St",,11,11,"In Service",41.838198,-87.645143,"(41.838198, -87.645143)",1,25,8,27,"15"
"318",340,318,318,318,318,"Clark St & Wrightwood Ave",,15,15,"In Service",41.929546,-87.643118,"(41.929546, -87.643118)",33,19,3,9,"29"
"319",341,319,319,319,319,"Adler Planetarium",,39,39,"In Service",41.866095,-87.607267,"(41.866095, -87.607267)",31,12,33,39,"7"
"320",342,320,320,320,320,"Wolcott Ave & Polk St",,23,23,"In Service",41.871262,-87.673688,"(41.871262, -87.673688)",4,38,38,13,"32"
"321",343,321,321,321,321,"Racine Ave & Wrightwood Ave",,15,15,"In Service",41.928887,-87.658971,"(41.928887, -87.658971)",13,18,27,6,"8"
"322",344,322,322,322,322,"Ravenswood Ave & Lawrence Ave",,47,47,"In Service",41.96909,-87.674237,"(41.96909, -87.674237)",22,13,14,30,"19"
"323",345,323,323,323,323,"Lake Park Ave & 56th St",,19,19,"In Service",41.793242,-87.587782,"(41.793242, -87.587782)",9,5,1,4,"28"
"324",346,324,324,324,324,"Ada St & Washington Blvd",,15,15,"In Service",41.88283,-87.661206,"(41.88283, -87.661206)",2,4,26,14,"4"
"325",347,325,325,325,325,"Ashland Ave & Grace St",,15,15,"In Service",41.950687,-87.6687,"(41.950687, -87.6687)",8,21,20,2,"8"
"326",348,326,326,326,326,"California Ave & 21st St",,15,15,"In Service",41.853804066,-87.695742399,"(41.8538040657915, -87.69574239850043)",21,8,39,23,"25"
"327",349,327,327,327,327,"Halsted St & Wrightwood Ave",,15,15,"In Service",41.929143,-87.649077,"(41.929143, -87.649077)",33,19,3,9,"29"
"328",350,328,328,328,328,"Ashland Ave & Chicago Ave",,15,15,"In Service",41.895966,-87.667747,"(41.895966, -87.667747)",4,11,32,14,"16"
"329",351,329,329,329,329,"Cottage Grove Ave & 51st St",,15,15,"In Service",41.803038,-87.606615,"(41.803038, -87.606615)",17,5,24,40,"28"
"330",352,330,330,330,330,"Jeffery Blvd & 67th St",,11,11,"In Service",41.773517551,-87.577142826,"(41.77351755125, -87.5771428255)",9,15,1,4,"26"
"331",353,331,331,331,331,"Clark St & Touhy Ave",,15,15,"In Service",42.012560115,-87.674367115,"(42.01256011541, -87.6743671152)",15,14,22,5,"31"
"332",354,332,332,332,332,"Sheridan Rd & Greenleaf Ave",,15,15,"In Service",42.010586563,-87.662412095,"(42.01058656284, -87.6624120948)",15,14,22,5,"31"
"333",355,333,333,333,333,"South Shore Dr & 67th St",,15,15,"In Service",41.773643,-87.567514,"(41.773643, -87.567514)",9,15,1,4,"26"
"334",356,334,334,334,334,"Stony Island Ave & 71st St",,11,11,"In Service",41.766492937,-87.586460878,"(41.7664929373, -87.5864608775)",35,15,31,4,"26"
"335",359,335,335,335,335,"Larrabee St & Division St",,23,23,"In Service",41.90348607,-87.643353494,"(41.90348607004, -87.6433534936)",5,37,37,11,"12"
"336",364,336,336,336,336,"Larrabee St & Oak St",,19,19,"In Service",41.900219493,-87.642985468,"(41.90021949323, -87.6429854676)",5,37,37,12,"9"
"337",365,337,337,337,337,"Halsted St & North Branch St",,15,15,"In Service",41.899368439,-87.648479875,"(41.89936843921, -87.6484798752)",28,37,37,12,"9"
"338",366,338,338,338,338,"Loomis St & Archer Ave",,11,11,"In Service",41.84163254,-87.657434953,"(41.84163253965, -87.6574349533)",40,25,8,27,"15"
"339",367,339,339,339,339,"Racine Ave & 35th St",,15,15,"In Service",41.830696113,-87.655975912,"(41.83069611252, -87.6559759116)",1,25,8,27,"15"
"340",368,340,340,340,340,"Ashland Ave & Archer Ave",,15,15,"In Service",41.839208684,-87.665609859,"(41.83920868403, -87.6656098589)",40,30,28,35,"22"
"341",369,341,341,341,341,"Wood St & 35th St",,11,11,"In Service",41.830104654,-87.670298309,"(41.83010465416, -87.6702983089)",7,30,28,35,"11"
"342",370,342,342,342,342,"Calumet Ave & 21st St",,15,15,"In Service",41.854184249,-87.619153741,"(41.85418424947, -87.6191537415)",31,12,33,39,"7"
"343",373,343,343,343,343,"Kedzie Ave & Chicago Ave",,11,11,"In Service",41.895465303,-87.706127884,"(41.89546530305, -87.7061278837)",32,24,15,26,"6"
"344",374,344,344,344,344,"Western Ave & Walton St",,23,23,"In Service",41.898417689,-87.686596016,"(41.89841768945, -87.6865960164)",32,11,32,31,"16"
"345",375,345,345,345,345,"Sacramento Blvd & Franklin Blvd",,11,11,"In Service",41.890468792,-87.702607512,"(41.89046879243862, -87.70260751247406)",32,24,15,26,"6"
"346",376,346,346,346,346,"Artesian Ave & Hubbard St",,35,35,"In Service",41.88949182,-87.688219365,"(41.88949181977, -87.6882193648)",32,24,15,31,"6"
"347",377,347,347,347,347,"Kedzie Ave & Lake St",,15,15,"In Service",41.884603285,-87.706303744,"(41.88460328501, -87.7063037436)",37,24,15,26,"6"
"348",378,348,348,348,348,"California Ave & Lake St",,11,11,"In Service",41.884453957,-87.696298137,"(41.88445395657, -87.6962981368)",37,24,15,26,"6"
"349",381,349,349,349,349,"Western Ave & Monroe St",,15,15,"In Service",41.879787709,-87.686112808,"(41.8797877089, -87.686112808)",37,38,38,13,"32"
"350",382,350,350,350,350,"Western Ave & Congress Pkwy",,19,19,"In Service",41.874748851,-87.686445276,"(41.87474885079, -87.6864452757)",37,38,38,13,"32"
"351",383,351,351,351,351,"Paulina St & Flournoy St",,31,31,"In Service",41.87295,-87.66913,"(41.87295, -87.66913)",4,38,38,13,"32"
"352",384,352,352,352,352,"Halsted St & 51st St",,11,11,"In Service",41.80183164,-87.645213904,"(41.80183164049, -87.645213904)",14,34,2,17,"33"
"353",385,353,353,353,353,"Princeton Ave & Garfield Blvd",,11,11,"In Service",41.794982,-87.633124,"(41.794982, -87.633124)",30,34,2,38,"33"
"354",386,354,354,354,354,"Halsted St & 56th St",,11,11,"In Service",41.792929646,-87.644990057,"(41.79292964599, -87.6449900565)",14,34,2,38,"34"
"355",388,355,355,355,355,"Halsted St & 63rd St",,11,11,"In Service",41.779381142,-87.644620815,"(41.77938114228, -87.6446208145)",18,28,13,38,"34"
"356",390,356,356,356,356,"Wentworth Ave & 63rd St",,11,11,"In Service",41.780079633,-87.629746305,"(41.78007963264, -87.6297463052)",18,10,13,38,"24"
"357",391,357,357,357,357,"Halsted St & 69th St",,11,11,"In Service",41.76906172,-87.644613578,"(41.76906172032, -87.6446135779)",18,28,13,38,"24"
"358",392,358,358,358,358,"Perry Ave & 69th St",,11,11,"In Service",41.76929309,-87.628195929,"(41.76929308995, -87.6281959291)",18,29,19,36,"24"
"359",393,359,359,359,359,"Calumet Ave & 71st St",,11,11,"In Service",41.765508006,-87.616917925,"(41.76550800581, -87.616917925)",34,29,19,36,"24"
"360",394,360,360,360,360,"Clark St & 9th St (AMLI)",,15,15,"In Service",41.870816,-87.631246,"(41.870816, -87.631246)",20,17,36,29,"20"
"361",395,361,361,361,361,"Jeffery Blvd & 76th St",,11,11,"In Service",41.757120068,-87.575839359,"(41.75712006802, -87.5758393587)",35,26,31,34,"3"
"362",396,362,362,362,362,"Yates Blvd & 75th St",,11,11,"In Service",41.758768,-87.56644,"(41.758768, -87.56644)",25,26,16,34,"27"
"363",398,363,363,363,363,"Rainbow Beach",,15,15,"In Service",41.757871448,-87.54938625,"(41.75787144829, -87.54938625)",25,26,16,34,"27"
"364",399,364,364,364,364,"South Shore Dr & 74th St",,11,11,"In Service",41.76218896,-87.55927465,"(41.76218896038, -87.55927465)",25,26,16,34,"27"
"365",400,365,365,365,365,"Cottage Grove Ave & 71st St",,11,11,"In Service",41.765719037,-87.604959713,"(41.76571903697, -87.604959713)",34,20,19,37,"40"
"366",401,366,366,366,366,"Shields Ave & 28th Pl",,11,11,"In Service",41.842733,-87.635491,"(41.842733, -87.635491)",1,22,8,27,"15"
"367",402,367,367,367,367,"Shields Ave & 31st St",,15,15,"In Service",41.838464,-87.635406,"(41.838464, -87.635406)",1,25,8,27,"15"
"368",403,368,368,368,368,"Wentworth Ave & 33rd St",,15,15,"In Service",41.834529886,-87.631822981,"(41.83452988563, -87.6318229814)",1,25,9,7,"15"
"369",405,369,369,369,369,"Wentworth Ave & 35th St",,15,15,"In Service",41.830777,-87.632504,"(41.830777, -87.632504)",1,25,9,7,"15"
"370",406,370,370,370,370,"Lake Park Ave & 35th St",,19,19,"In Service",41.831274235,-87.608799195,"(41.83127423549, -87.6087991946)",26,32,9,7,"36"
"371",407,371,371,371,371,"State St & Pershing Rd",,11,11,"In Service",41.823015238,-87.626568018,"(41.82301523798, -87.6265680185)",26,32,9,7,"36"
"372",408,372,372,372,372,"Union Ave & Root St",,11,11,"In Service",41.819102,-87.643278,"(41.819102, -87.643278)",1,25,2,27,"15"
"373",409,373,373,373,373,"Shields Ave & 43rd St",,11,11,"In Service",41.816207679,-87.63481935,"(41.81620767856, -87.6348193497)",30,34,2,7,"33"
"374",410,374,374,374,374,"Prairie Ave & 43rd St",,15,15,"In Service",41.816658893,-87.619412462,"(41.81665889302, -87.6194124619)",30,32,9,7,"36"
"375",411,375,375,375,375,"Halsted St & 47th Pl",,11,11,"In Service",41.808133915,-87.645616554,"(41.80813391481, -87.6456165545)",14,34,2,17,"33"
"376",412,376,376,376,376,"Princeton Ave & 47th St",,11,11,"In Service",41.809317709,-87.633449288,"(41.80931770924, -87.633449288)",30,34,2,7,"33"
"377",413,377,377,377,377,"Woodlawn Ave & Lake Park Ave",,15,15,"In Service",41.81409271,-87.597005148,"(41.81409271048, -87.5970051479)",17,5,24,40,"28"
"378",414,378,378,378,378,"Canal St & Taylor St",,15,15,"In Service",41.870257,-87.639474,"(41.870257, -87.639474)",20,3,36,32,"39"
"379",415,379,379,379,379,"Calumet Ave & 51st St",,11,11,"In Service",41.802294651,-87.61805358,"(41.80229465088, -87.6180535802)",30,10,7,18,"33"
"380",416,380,380,380,380,"Dorchester Ave & 49th St",,15,15,"In Service",41.805772,-87.592464,"(41.805772, -87.592464)",17,5,24,40,"28"
"381",417,381,381,381,381,"Cornell Ave & Hyde Park Blvd",,19,19,"In Service",41.802406,-87.586924,"(41.802406, -87.586924)",17,5,24,40,"28"
"382",418,382,382,382,382,"Ellis Ave & 53rd St",,11,11,"In Service",41.799336263,-87.600958115,"(41.79933626261, -87.6009581145)",17,5,24,40,"28"
"383",419,383,383,383,383,"Lake Park Ave & 53rd St",,15,15,"In Service",41.799494294,-87.586449896,"(41.79949429373, -87.5864498959)",17,5,24,40,"28"
"384",420,384,384,384,384,"Ellis Ave & 55th St",,19,19,"In Service",41.794300621,-87.601449773,"(41.79430062054, -87.6014497734)",17,5,7,18,"1"
"385",421,385,385,385,385,"MLK Jr Dr & 56th St",,11,11,"In Service",41.793429457,-87.615853262,"(41.79342945658, -87.6158532619)",30,10,7,18,"1"
"386",422,386,386,386,386,"DuSable Museum",,11,11,"In Service",41.791568011,-87.607852177,"(41.79156801058, -87.6078521774)",17,10,7,18,"1"
"387",423,387,387,387,387,"University Ave & 57th St",,31,31,"In Service",41.791478,-87.599861,"(41.791478, -87.599861)",17,5,7,18,"1"
"388",424,388,388,388,388,"Museum of Science and Industry",,27,27,"In Service",41.79172821,-87.583945009,"(41.79172820953, -87.583945009)",9,5,1,4,"28"
"389",425,389,389,389,389,"Harper Ave & 59th St",,15,15,"In Service",41.787942813,-87.58831517,"(41.78794281287, -87.5883151702)",9,5,1,4,"26"
"390",426,390,390,390,390,"Ellis Ave & 60th St",,19,19,"In Service",41.785097146,-87.601072761,"(41.78509714636, -87.6010727606)",34,10,7,18,"1"
"391",427,391,391,391,391,"Cottage Grove Ave & 63rd St",,15,15,"In Service",41.780599015,-87.606112388,"(41.78059901484, -87.606112388)",34,10,7,18,"1"
"392",428,392,392,392,392,"Dorchester Ave & 63rd St",,11,11,"In Service",41.780405646,-87.591415989,"(41.7804056457, -87.5914159893)",9,15,1,4,"26"
"393",429,393,393,393,393,"Cottage Grove Ave & 67th St",,11,11,"In Service",41.773720952,-87.60563486,"(41.77372095205, -87.60563486)",34,10,19,18,"1"
"394",430,394,394,394,394,"MLK Jr Dr & 63rd St",,11,11,"In Service",41.780080637,-87.615942857,"(41.78008063659, -87.6159428567)",34,10,7,18,"1"
"395",431,395,395,395,395,"Eberhart Ave & 61st St",,11,11,"In Service",41.784141693,-87.61330783,"(41.78414169317, -87.6133078304)",34,10,7,18,"1"
"396",432,396,396,396,396,"Clark St & Lunt Ave",,19,19,"In Service",42.009074,-87.67419,"(42.009074, -87.67419)",15,14,22,5,"31"
"397",433,397,397,397,397,"Kedzie Ave & Harrison St",,11,11,"In Service",41.873599675,-87.704870749,"(41.87359967462, -87.7048707493)",37,24,15,26,"6"
"398",434,398,398,398,398,"Ogden Ave & Roosevelt Rd",,19,19,"In Service",41.866501483,-87.68469707,"(41.86650148316, -87.68469707)",37,38,38,13,"32"
"399",435,399,399,399,399,"Kedzie Ave & Roosevelt Rd",,11,11,"In Service",41.866492782,-87.706496176,"(41.86649278172, -87.7064961757)",37,8,39,23,"25"
"400",436,400,400,400,400,"Fairfield Ave & Roosevelt Rd",,11,11,"In Service",41.866624,-87.694521,"(41.866624, -87.694521)",37,8,39,23,"25"
"401",437,401,401,401,401,"Washtenaw Ave & Ogden Ave",,15,15,"In Service",41.861894,-87.693511,"(41.861894, -87.693511)",37,8,39,23,"25"
"402",438,402,402,402,402,"Central Park Ave & Ogden Ave",,15,15,"In Service",41.854204313,-87.715405838,"(41.85420431327, -87.7154058381)",21,8,39,23,"25"
"403",439,403,403,403,403,"Kedzie Ave & 21st St",,11,11,"In Service",41.853533632,-87.705073032,"(41.85353363213, -87.7050730318)",21,8,39,23,"25"
"404",440,404,404,404,404,"Central Park Ave & 24th St",,11,11,"In Service",41.8481,-87.715068,"(41.8481, -87.715068)",21,8,39,23,"25"
"405",441,405,405,405,405,"Kedzie Ave & 24th St",,11,11,"In Service",41.848190945,-87.705413746,"(41.84819094491, -87.7054137458)",21,8,39,23,"25"
"406",442,406,406,406,406,"California Ave & 23rd Pl",,11,11,"In Service",41.849109692,-87.695139807,"(41.84910969176, -87.6951398068)",21,8,39,23,"25"
"407",443,407,407,407,407,"Millard Ave & 26th St",,7,7,"In Service",41.844566849,-87.715910308,"(41.84456684891, -87.7159103081)",21,8,39,23,"25"
"408",444,408,408,408,408,"Albany Ave & 26th St",,11,11,"In Service",41.844475014,-87.702013013,"(41.84447501366, -87.7020130128)",21,8,39,23,"25"
"409",445,409,409,409,409,"California Ave & 26th St",,11,11,"In Service",41.844040031,-87.695295923,"(41.84404003127, -87.6952959227)",21,8,39,23,"25"
"410",446,410,410,410,410,"Western Ave & 28th St",,11,11,"In Service",41.841517708,-87.685131441,"(41.84151770807, -87.6851314409)",21,30,28,35,"25"
"411",447,411,411,411,411,"Glenwood Ave & Morse Ave",,15,15,"In Service",42.007971923,-87.665502394,"(42.00797192287, -87.6655023944)",15,14,22,5,"31"
"412",448,412,412,412,412,"Warren Park East",,11,11,"In Service",42.004549622,-87.680666145,"(42.00454962194, -87.6806661451)",15,14,22,24,"31"
"413",449,413,413,413,413,"Clark St & Columbia Ave",,15,15,"In Service",42.004450629,-87.672402405,"(42.00445062934, -87.6724024047)",15,14,22,5,"31"
"414",450,414,414,414,414,"Warren Park West",,11,11,"In Service",42.001785,-87.688829,"(42.001785, -87.688829)",15,14,4,24,"31"
"415",451,415,415,415,415,"Sheridan Rd & Loyola Ave",,23,23,"In Service",42.00104378,-87.661198243,"(42.00104377979, -87.6611982433)",36,14,22,5,"18"
"416",452,416,416,416,416,"Western Ave & Granville Ave",,11,11,"In Service",41.994161369,-87.689438282,"(41.99416136902, -87.689438282)",15,14,4,24,"31"
"417",453,417,417,417,417,"Clark St & Schreiber Ave",,15,15,"In Service",41.999251822,-87.671377339,"(41.99925182186, -87.6713773393)",36,14,22,5,"18"
"418",454,418,418,418,418,"Broadway & Granville Ave",,23,23,"In Service",41.994779688,-87.660284535,"(41.9947796884, -87.6602845349)",36,13,14,3,"18"
"419",455,419,419,419,419,"Maplewood Ave & Peterson Ave",,11,11,"In Service",41.990236029,-87.69336964,"(41.99023602867, -87.6933696402)",39,33,4,24,"30"
"420",456,420,420,420,420,"2112 W Peterson Ave",,11,11,"In Service",41.991178,-87.683593,"(41.991178, -87.683593)",36,13,4,24,"18"
"421",457,421,421,421,421,"Clark St & Elmdale Ave",,15,15,"In Service",41.990517556,-87.669833601,"(41.99051755556753, -87.66983360052109)",36,13,14,3,"18"
"422",458,422,422,422,422,"Broadway & Thorndale Ave",,19,19,"In Service",41.989742511,-87.660140621,"(41.98974251144, -87.6601406209)",36,13,14,3,"18"
"423",459,423,423,423,423,"Lakefront Trail & Bryn Mawr Ave",,19,19,"In Service",41.984036696,-87.652310469,"(41.98403669612, -87.6523104689)",36,13,14,3,"18"
"424",460,424,424,424,424,"Clark St & Bryn Mawr Ave",,15,15,"In Service",41.983593,-87.669154,"(41.983593, -87.669154)",36,13,14,3,"18"
"425",461,425,425,425,425,"Broadway & Ridge Ave",,15,15,"In Service",41.984044611,-87.660273829,"(41.9840446107, -87.6602738295)",36,13,14,3,"18"
"426",462,426,426,426,426,"Winchester (Ravenswood) Ave & Balmoral Ave",,15,15,"In Service",41.979762,-87.67753,"(41.979762, -87.67753)",36,13,14,30,"19"
"427",463,427,427,427,427,"Clark St & Berwyn Ave",,19,19,"In Service",41.977996654,-87.668047105,"(41.9779966544, -87.6680471047)",36,13,14,3,"18"
"428",464,428,428,428,428,"Damen Ave & Foster Ave",,15,15,"In Service",41.975614805,-87.679459039,"(41.97561480459, -87.6794590387)",22,13,14,30,"19"
"429",465,429,429,429,429,"Marine Dr & Ainslie St",,23,23,"In Service",41.9716,-87.650154,"(41.9716, -87.650154)",29,27,17,3,"35"
"430",466,430,430,430,430,"Ridge Blvd & Touhy Ave",,11,11,"In Service",42.012132277,-87.682912644,"(42.01213227742, -87.6829126443)",15,14,22,24,"31"
"431",467,431,431,431,431,"Western Ave & Lunt Ave",,15,15,"In Service",42.008594397,-87.690492239,"(42.0085943972, -87.6904922389)",15,14,22,24,"31"
"432",468,432,432,432,432,"Budlong Woods Library",,11,11,"In Service",41.983664709,-87.696422561,"(41.98366470886, -87.6964225611)",39,33,4,22,"30"
"433",469,433,433,433,433,"St. Louis Ave & Balmoral Ave",,15,15,"In Service",41.980394235,-87.716114961,"(41.98039423475, -87.7161149615)",39,33,11,22,"30"
"434",470,434,434,434,434,"Kedzie Ave & Foster Ave",,11,11,"In Service",41.975672,-87.709261,"(41.975672, -87.709261)",39,33,11,22,"30"
"435",471,435,435,435,435,"Francisco Ave & Foster Ave",,15,15,"In Service",41.975632725,-87.701419439,"(41.97563272521, -87.7014194389)",39,33,11,22,"30"
"436",472,436,436,436,436,"Lincoln Ave & Winona St",,15,15,"In Service",41.974911297,-87.692502559,"(41.97491129677, -87.6925025594)",39,33,11,22,"30"
"437",474,437,437,437,437,"Christiana Ave & Lawrence Ave",,15,15,"In Service",41.968354494,-87.711830667,"(41.96835449363, -87.7118306675)",39,33,11,22,"30"
"438",475,438,438,438,438,"Washtenaw Ave & Lawrence Ave",,15,15,"In Service",41.968987,-87.696027,"(41.968987, -87.696027)",39,33,11,22,"30"
"439",476,439,439,439,439,"Kedzie Ave & Leland Ave",,15,15,"In Service",41.966686362,-87.708051981,"(41.96668636205, -87.7080519806)",39,33,11,22,"30"
"440",477,440,440,440,440,"Manor Ave & Leland Ave",,11,11,"In Service",41.965875,-87.700825,"(41.965875, -87.700825)",39,33,11,22,"30"
"441",478,441,441,441,441,"Rockwell St & Eastwood Ave",,15,15,"In Service",41.96590014,-87.693638494,"(41.96590013976, -87.6936384935)",22,33,11,22,"30"
"442",479,442,442,442,442,"Drake Ave & Montrose Ave",,15,15,"In Service",41.961154076,-87.716569073,"(41.96115407569, -87.7165690733)",39,2,30,22,"30"
"443",480,443,443,443,443,"Albany Ave & Montrose Ave",,11,11,"In Service",41.961041,-87.705866,"(41.961041, -87.705866)",39,33,11,22,"30"
"444",481,444,444,444,444,"California Ave & Montrose Ave",,15,15,"In Service",41.961068,-87.695439,"(41.961068, -87.695439)",22,33,11,22,"30"
"445",482,445,445,445,445,"Campbell Ave & Montrose Ave",,15,15,"In Service",41.961525933,-87.691165041,"(41.96152593287, -87.6911650414)",22,33,11,30,"19"
"446",483,446,446,446,446,"Avondale Ave & Irving Park Rd",,19,19,"In Service",41.953393,-87.732002,"(41.953393, -87.732002)",24,35,34,16,"21"
"447",484,447,447,447,447,"Monticello Ave & Irving Park Rd",,15,15,"In Service",41.954004839,-87.71912818,"(41.95400483876, -87.7191281797)",12,2,30,16,"5"
"448",485,448,448,448,448,"Sawyer Ave & Irving Park Rd",,15,15,"In Service",41.953586179,-87.7093108,"(41.95358617895, -87.7093107999)",12,2,30,22,"5"
"449",486,449,449,449,449,"Oakley Ave & Irving Park Rd",,15,15,"In Service",41.954340852,-87.686079624,"(41.95434085219, -87.6860796243)",22,21,20,30,"14"
"450",487,450,450,450,450,"California Ave & Byron St",,19,19,"In Service",41.952162193,-87.698051113,"(41.95216219326, -87.698051113)",3,2,30,19,"14"
"451",488,451,451,451,451,"Pulaski Rd & Eddy St (Temp)",,11,11,"In Service",41.946264,-87.731023,"(41.946264, -87.731023)",24,35,34,16,"21"
"452",489,452,452,452,452,"Drake Ave & Addison St",,15,15,"In Service",41.947326,-87.717582,"(41.947326, -87.717582)",12,2,30,16,"5"
"453",490,453,453,453,453,"Troy St & Elston Ave",,15,15,"In Service",41.945243568,-87.706649901,"(41.94524356848, -87.7066499009)",12,2,30,19,"5"
"454",491,454,454,454,454,"Talman Ave & Addison St",,15,15,"In Service",41.946635831,-87.694614758,"(41.9466358306, -87.694614758)",3,2,30,19,"14"
"455",492,455,455,455,455,"Leavitt St & Addison St",,15,15,"In Service",41.946655,-87.683359,"(41.946655, -87.683359)",3,21,20,19,"14"
"456",493,456,456,456,456,"Western Ave & Roscoe St",,11,11,"In Service",41.943034,-87.687288,"(41.943034, -87.687288)",3,21,20,19,"14"
"457",494,457,457,457,457,"Kedzie Ave & Bryn Mawr Ave",,15,15,"In Service",41.982397085,-87.70892252,"(41.98239708485, -87.7089225202)",39,33,11,22,"30"
"458",495,458,458,458,458,"Keystone Ave & Montrose Ave",,11,11,"In Service",41.961108016,-87.728970101,"(41.96110801623, -87.7289701012)",24,35,34,16,"21"
"459",496,459,459,459,459,"Avers Ave & Belmont Ave",,11,11,"In Service",41.939408,-87.723574,"(41.939408, -87.723574)",12,2,30,16,"5"
"460",497,460,460,460,460,"Kimball Ave & Belmont Ave",,15,15,"In Service",41.939398,-87.711561,"(41.939398, -87.711561)",12,2,30,21,"5"
"461",498,461,461,461,461,"California Ave & Fletcher St",,19,19,"In Service",41.938428791,-87.698007756,"(41.93842879148, -87.698007756)",3,2,30,19,"14"
"462",499,462,462,462,462,"Kosciuszko Park",,15,15,"In Service",41.930585371,-87.723777364,"(41.93058537138, -87.7237773635)",12,31,25,21,"5"
"463",500,463,463,463,463,"Central Park Ave & Elbridge Ave",,15,15,"In Service",41.935337283,-87.716889294,"(41.93533728263, -87.7168892935)",12,2,25,21,"5"
"464",501,464,464,464,464,"Richmond St & Diversey Ave",,15,15,"In Service",41.931901969,-87.70119513,"(41.93190196886, -87.7011951301)",10,31,25,21,"37"
"465",502,465,465,465,465,"California Ave & Altgeld St",,15,15,"In Service",41.92669,-87.697668,"(41.92669, -87.697668)",10,7,12,21,"37"
"466",503,466,466,466,466,"Drake Ave & Fullerton Ave",,15,15,"In Service",41.924398819,-87.715441036,"(41.924398819, -87.7154410355)",10,31,25,21,"37"
"467",504,467,467,467,467,"Campbell Ave & Fullerton Ave",,15,15,"In Service",41.924632472,-87.689307006,"(41.92463247165, -87.6893070063)",3,7,12,19,"38"
"468",505,468,468,468,468,"Winchester Ave & Elston Ave",,15,15,"In Service",41.92409085,-87.676460075,"(41.92409085038, -87.6764600747)",23,7,23,33,"38"
"469",506,469,469,469,469,"Spaulding Ave & Armitage Ave",,15,15,"In Service",41.917108035,-87.710220963,"(41.917108034789315, -87.71022096276283)",10,31,25,21,"37"
"470",507,470,470,470,470,"Humboldt Blvd & Armitage Ave",,19,19,"In Service",41.917513394,-87.701808955,"(41.91751339399, -87.7018089555)",10,31,12,21,"37"
"471",508,471,471,471,471,"Central Park Ave & North Ave",,15,15,"In Service",41.909656876,-87.716631952,"(41.90965687563, -87.7166319516)",10,31,25,21,"37"
"472",509,472,472,472,472,"Troy St & North Ave",,15,15,"In Service",41.909769302,-87.705280487,"(41.90976930169, -87.7052804871)",10,31,12,21,"37"
"473",510,473,473,473,473,"Spaulding Ave & Division St",,11,11,"In Service",41.902706594,-87.709219571,"(41.90270659438, -87.709219571)",10,24,12,26,"6"
"474",511,474,474,474,474,"Albany Ave & Bloomingdale Ave",,15,15,"In Service",41.914026713,-87.705126462,"(41.91402671273, -87.705126462)",10,31,12,21,"37"
"475",514,475,475,475,475,"Ridge Blvd & Howard St",,11,11,"In Service",42.019276,-87.68452,"(42.019276, -87.68452)",15,14,22,24,"31"
"476",515,476,476,476,476,"Paulina St & Howard St",,19,19,"In Service",42.019159,-87.673573,"(42.019159, -87.673573)",15,14,22,5,"31"
"477",517,477,477,477,477,"Clark St & Jarvis Ave",,11,11,"In Service",42.015963,-87.675005,"(42.015963, -87.675005)",15,14,22,5,"31"
"478",518,478,478,478,478,"Conservatory Dr & Lake St",,11,11,"In Service",41.885502,-87.716866,"(41.885502, -87.716866)",19,24,15,26,"6"
"479",519,479,479,479,479,"Wolcott Ave & Fargo Ave",,11,11,"In Service",42.016977,-87.677725,"(42.016977, -87.677725)",15,14,22,5,"31"
"480",520,480,480,480,480,"Greenview Ave & Jarvis Ave",,19,19,"In Service",42.015962,-87.66857,"(42.015962, -87.66857)",15,14,22,5,"31"
"481",522,481,481,481,481,"Bosworth Ave & Howard St",,11,11,"In Service",42.019537,-87.669563,"(42.019537, -87.669563)",15,14,22,5,"31"
"482",523,482,482,482,482,"Eastlake Ter & Rogers Ave",,15,15,"In Service",42.020853406,-87.665033787,"(42.020853406050804, -87.66503378748894)",15,14,22,5,"31"
"483",524,483,483,483,483,"Austin Blvd & Chicago Ave",,7,7,"In Service",41.894887,-87.774704,"(41.894887, -87.774704)",11,40,29,10,"17"
"484",525,484,484,484,484,"Glenwood Ave & Touhy Ave",,15,15,"In Service",42.012701,-87.666058,"(42.012701, -87.666058)",15,14,22,5,"31"
"485",526,485,485,485,485,"Oakley Ave & Touhy Ave",,11,11,"In Service",42.012342,-87.688243,"(42.012342, -87.688243)",15,14,22,24,"31"
"486",527,486,486,486,486,"Western Ave & Howard St",,15,15,"In Service",42.018901,-87.690048,"(42.018901, -87.690048)",15,14,22,24,"31"
"487",528,487,487,487,487,"Pulaski Rd & Lake St",,11,11,"In Service",41.885409,-87.726491,"(41.885409, -87.726491)",19,9,5,8,"23"
"488",529,488,488,488,488,"Cicero Ave & Lake St",,11,11,"In Service",41.886841,-87.745261,"(41.886841, -87.745261)",19,9,5,8,"23"
"489",530,489,489,489,489,"Laramie Ave & Kinzie St",,11,11,"In Service",41.887832,-87.755527,"(41.887832, -87.755527)",11,40,29,10,"17"
"490",531,490,490,490,490,"Central Ave & Lake St",,11,11,"In Service",41.887664,-87.765469,"(41.887664, -87.765469)",11,40,29,10,"17"
"491",532,491,491,491,491,"Austin Blvd & Lake St",,11,11,"In Service",41.887919,-87.774446,"(41.887919, -87.774446)",11,40,29,10,"17"
"492",533,492,492,492,492,"Central Park Blvd & 5th Ave",,11,11,"In Service",41.875679,-87.71547,"(41.875679, -87.71547)",19,24,15,26,"6"
"493",534,493,493,493,493,"Karlov Ave & Madison St",,11,11,"In Service",41.88085,-87.727907,"(41.88085, -87.727907)",19,9,5,8,"23"
"494",535,494,494,494,494,"Pulaski Rd & Congress Pkwy",,11,11,"In Service",41.874325,-87.725704,"(41.874325, -87.725704)",19,9,5,8,"23"
"495",536,495,495,495,495,"Kostner Ave & Lake St",,11,11,"In Service",41.885928,-87.73541,"(41.885928, -87.73541)",19,9,5,8,"23"
"496",537,496,496,496,496,"Kenton Ave & Madison St",,11,11,"In Service",41.880708,-87.741018,"(41.880708, -87.741018)",19,9,5,8,"23"
"497",538,497,497,497,497,"Cicero Ave & Flournoy St",,11,11,"In Service",41.872131,-87.746619,"(41.872131, -87.746619)",19,9,5,8,"23"
"498",539,498,498,498,498,"Cicero Ave & Quincy St",,11,11,"In Service",41.877613,-87.745405,"(41.877613, -87.745405)",19,9,5,8,"23"
"499",540,499,499,499,499,"Laramie Ave & Madison St",,11,11,"In Service",41.880207,-87.755337,"(41.880207, -87.755337)",11,40,29,10,"17"
"500",541,500,500,500,500,"Central Ave & Harrison St",,11,11,"In Service",41.872993,-87.764499,"(41.872993, -87.764499)",11,40,29,10,"17"
"501",542,501,501,501,501,"Central Ave & Madison St",,11,11,"In Service",41.880121,-87.763238,"(41.880121, -87.763238)",11,40,29,10,"17"
"502",543,502,502,502,502,"Laramie Ave & Gladys Ave",,11,11,"In Service",41.875806,-87.755285,"(41.875806, -87.755285)",11,40,29,10,"17"
"503",544,503,503,503,503,"Austin Blvd & Madison St",,11,11,"In Service",41.880281,-87.774453,"(41.880281, -87.774453)",11,40,29,10,"17"
"504",545,504,504,504,504,"Kostner Ave & Adams St",,11,11,"In Service",41.877917,-87.735737,"(41.877917, -87.735737)",19,9,5,8,"23"
"505",546,505,505,505,505,"Damen Ave & Pershing Rd",,11,11,"In Service",41.823192,-87.676597,"(41.823192, -87.676597)",7,30,28,35,"11"
"506",547,506,506,506,506,"Ashland Ave & Pershing Rd",,11,11,"In Service",41.823465,-87.665577,"(41.823465, -87.665577)",7,30,28,35,"11"
"507",548,507,507,507,507,"Morgan St & Pershing Rd",,7,7,"In Service",41.823613,-87.650931,"(41.823613, -87.650931)",1,25,8,27,"15"
"508",549,508,508,508,508,"Marshfield Ave & 44th St",,11,11,"In Service",41.813996,-87.666589,"(41.813996, -87.666589)",7,36,21,17,"11"
"509",550,509,509,509,509,"Central Ave & Chicago Ave",,11,11,"In Service",41.894958,-87.764902,"(41.894958, -87.764902)",11,40,29,10,"17"
"510",551,510,510,510,510,"Hoyne Ave & 47th St",,11,11,"In Service",41.808227,-87.67718,"(41.808227, -87.67718)",7,36,21,17,"11"
"511",552,511,511,511,511,"Ashland Ave & McDowell Ave",,11,11,"In Service",41.80887,-87.66454,"(41.80887, -87.66454)",7,36,21,17,"11"
"512",553,512,512,512,512,"Elizabeth St & 47th St",,11,11,"In Service",41.80839,-87.656526,"(41.80839, -87.656526)",14,36,21,17,"11"
"513",554,513,513,513,513,"Damen Ave & 51st St",,7,7,"In Service",41.800908,-87.674684,"(41.800908, -87.674684)",7,36,21,17,"11"
"514",555,514,514,514,514,"Ashland Ave & 50th St",,11,11,"In Service",41.803023,-87.664699,"(41.803023, -87.664699)",14,36,21,17,"11"
"515",556,515,515,515,515,"Throop St & 52nd St",,7,7,"In Service",41.799659,-87.657195,"(41.799659, -87.657195)",14,36,21,17,"34"
"516",557,516,516,516,516,"Seeley Ave & Garfield Blvd",,11,11,"In Service",41.794087,-87.675478,"(41.794087, -87.675478)",6,36,21,17,"11"
"517",558,517,517,517,517,"Ashland Ave & Garfield Blvd",,11,11,"In Service",41.792822,-87.664429,"(41.792822, -87.664429)",6,36,21,17,"34"
"518",559,518,518,518,518,"Racine Ave & Garfield Blvd",,11,11,"In Service",41.794228,-87.655073,"(41.794228, -87.655073)",14,36,21,17,"34"
"519",560,519,519,519,519,"Marshfield Ave & 59th St",,11,11,"In Service",41.786833,-87.666215,"(41.786833, -87.666215)",6,36,21,17,"34"
"520",561,520,520,520,520,"Damen Ave & 59th St",,11,11,"In Service",41.78602,-87.674167,"(41.78602, -87.674167)",6,36,21,17,"34"
"521",562,521,521,521,521,"Racine Ave & 61st St",,11,11,"In Service",41.783189,-87.654372,"(41.783189, -87.654372)",6,28,13,38,"34"
"522",563,522,522,522,522,"Ashland Ave & 63rd St",,11,11,"In Service",41.779374,-87.664843,"(41.779374, -87.664843)",6,28,13,38,"34"
"523",564,523,523,523,523,"Racine Ave & 65th St",,11,11,"In Service",41.775393,-87.654308,"(41.775393, -87.654308)",6,28,13,38,"34"
"524",565,524,524,524,524,"Ashland Ave & 66th St",,7,7,"In Service",41.774074,-87.663815,"(41.774074, -87.663815)",6,28,13,38,"34"
"525",566,525,525,525,525,"Ashland Ave & 69th St",,11,11,"In Service",41.768726,-87.664069,"(41.768726, -87.664069)",6,28,13,38,"34"
"526",567,526,526,526,526,"May St & 69th St",,11,11,"In Service",41.768938,-87.652934,"(41.768938, -87.652934)",6,28,13,38,"34"
"527",568,527,527,527,527,"Vincennes Ave & 75th St",,7,7,"In Service",41.75797,-87.63121,"(41.75797, -87.63121)",18,29,10,36,"24"
"528",569,528,528,528,528,"Woodlawn Ave & 75th St",,11,11,"In Service",41.75916,-87.595751,"(41.75916, -87.595751)",35,20,31,37,"3"
"529",570,529,529,529,529,"Evans Ave & 75th St",,7,7,"In Service",41.75849,-87.60641,"(41.75849, -87.60641)",16,20,19,37,"40"
"530",571,530,530,530,530,"Vernon Ave & 75th St",,11,11,"In Service",41.758361,-87.614138,"(41.758361, -87.614138)",16,29,19,36,"40"
"531",572,531,531,531,531,"State St & 76th St",,11,11,"In Service",41.756971,-87.624621,"(41.756971, -87.624621)",16,29,10,36,"24"
"532",573,532,532,532,532,"State St & 79th St",,11,11,"In Service",41.750794,-87.624424,"(41.750794, -87.624424)",16,29,10,36,"40"
"533",574,533,533,533,533,"Vernon Ave & 79th St",,11,11,"In Service",41.75094,-87.61379,"(41.75094, -87.61379)",16,29,10,36,"40"
"534",575,534,534,534,534,"Cottage Grove Ave & 78th St",,11,11,"In Service",41.753174,-87.605026,"(41.753174, -87.605026)",16,20,19,37,"40"
"535",576,535,535,535,535,"Greenwood Ave & 79th St",,11,11,"In Service",41.751294,-87.597552,"(41.751294, -87.597552)",35,20,31,37,"3"
"536",577,536,536,536,536,"Stony Island Ave & South Chicago Ave",,11,11,"In Service",41.751173,-87.585337,"(41.751173, -87.585337)",35,20,31,37,"3"
"537",578,537,537,537,537,"Bennett Ave & 79th St",,11,11,"In Service",41.751785,-87.578496,"(41.751785, -87.578496)",35,26,31,34,"3"
"538",579,538,538,538,538,"Phillips Ave & 79th St",,11,11,"In Service",41.75182,-87.565211,"(41.75182, -87.565211)",25,26,16,34,"27"
"539",580,539,539,539,539,"Exchange Ave & 79th St",,11,11,"In Service",41.751731,-87.552812,"(41.751731, -87.552812)",25,26,16,34,"27"
"540",581,540,540,540,540,"Commercial Ave & 83rd St",,11,11,"In Service",41.744615,-87.551208,"(41.744615, -87.551208)",25,26,16,34,"27"
"541",582,541,541,541,541,"Phillips Ave & 83rd St",,11,11,"In Service",41.744531,-87.56506,"(41.744531, -87.56506)",25,26,16,34,"27"
"542",583,542,542,542,542,"Stony Island Ave & 82nd St",,11,11,"In Service",41.746559,-87.586005,"(41.746559, -87.586005)",35,20,31,37,"3"
"543",584,543,543,543,543,"Ellis Ave & 83rd St",,11,11,"In Service",41.744123,-87.599034,"(41.744123, -87.599034)",16,20,31,37,"40"
"544",585,544,544,544,544,"Cottage Grove Ave & 83rd St",,11,11,"In Service",41.743441,-87.604836,"(41.743441, -87.604836)",16,20,10,37,"40"
"545",586,545,545,545,545,"MLK Jr Dr & 83rd St",,11,11,"In Service",41.743116,-87.6148,"(41.743116, -87.6148)",16,29,10,36,"40"
"546",587,546,546,546,546,"Wabash Ave & 83rd St",,11,11,"In Service",41.743316,-87.622849,"(41.743316, -87.622849)",16,29,10,36,"40"
"547",588,547,547,547,547,"South Chicago Ave & 83rd St",,11,11,"In Service",41.743921,-87.575225,"(41.743921, -87.575225)",35,26,31,34,"3"
"548",589,548,548,548,548,"Milwaukee Ave & Cuyler Ave",,11,11,"In Service",41.954468,-87.749594,"(41.954468, -87.749594)",24,35,34,16,"21"
"549",590,549,549,549,549,"Kilbourn Ave & Irving Park Rd",,11,11,"In Service",41.953733,-87.740569,"(41.953733, -87.740569)",24,35,34,16,"21"
"550",591,550,550,550,550,"Kilbourn Ave & Milwaukee Ave",,15,15,"In Service",41.948818,-87.74002,"(41.948818, -87.74002)",24,35,34,16,"21"
"551",592,551,551,551,551,"Knox Ave & Montrose Ave",,11,11,"In Service",41.960631,-87.745359,"(41.960631, -87.745359)",24,35,34,16,"21"
"552",593,552,552,552,552,"Halsted St & 59th St",,11,11,"In Service",41.787539,-87.644874,"(41.787539, -87.644874)",14,28,13,38,"34"
"553",594,553,553,553,553,"Western Blvd & 48th Pl",,11,11,"In Service",41.805661,-87.683392,"(41.805661, -87.683392)",7,36,21,17,"11"
"554",595,554,554,554,554,"Wabash Ave & 87th St",,11,11,"In Service",41.736646,-87.622634,"(41.736646, -87.622634)",16,29,10,36,"40"
"555",596,555,555,555,555,"Benson Ave & Church St",,15,15,"In Service",42.048214,-87.683485,"(42.048214, -87.683485)",27,16,6,25,"13"
"556",597,556,556,556,556,"Chicago Ave & Washington St",,15,15,"In Service",42.032562,-87.679101,"(42.032562, -87.679101)",15,14,22,25,"31"
"557",598,557,557,557,557,"Elmwood Ave & Austin St",,15,15,"In Service",42.025784,-87.684107,"(42.025784, -87.684107)",15,14,22,24,"31"
"558",599,558,558,558,558,"Valli Produce - Evanston Plaza",,15,15,"In Service",42.039742,-87.699413,"(42.039742, -87.699413)",27,16,6,25,"13"
"559",600,559,559,559,559,"Dodge Ave & Church St",,15,15,"In Service",42.048308,-87.698224,"(42.048308, -87.698224)",27,16,6,25,"13"
"560",601,560,560,560,560,"Central St Metra",,15,15,"In Service",42.063598,-87.69873,"(42.063598, -87.69873)",27,16,6,25,"13"
"561",602,561,561,561,561,"Central St & Girard Ave",,15,15,"In Service",42.064313,-87.686152,"(42.064313, -87.686152)",27,16,6,25,"13"
"562",603,562,562,562,562,"Chicago Ave & Sheridan Rd",,15,15,"In Service",42.050491,-87.677821,"(42.050491, -87.677821)",27,16,6,25,"13"
"563",604,563,563,563,563,"Sheridan Rd & Noyes St (NU)",,15,15,"In Service",42.058239,-87.677432,"(42.058239, -87.677432)",27,16,6,25,"13"
"564",605,564,564,564,564,"University Library (NU)",,15,15,"In Service",42.052939,-87.673447,"(42.052939, -87.673447)",27,16,6,25,"13"
"565",619,565,565,565,565,"Keystone Ave & Fullerton Ave",,11,11,"In Service",41.92459,-87.72785,"(41.92459, -87.72785)",12,31,25,21,"5"
"566",620,566,566,566,566,"Orleans St & Chestnut St (NEXT Apts)",,15,15,"In Service",41.898203,-87.637536,"(41.898203, -87.637536)",5,37,37,12,"9"
"567",621,567,567,567,567,"Aberdeen St & Randolph St",,15,15,"In Service",41.884114,-87.654264,"(41.884114, -87.654264)",2,4,26,32,"4"
"568",622,568,568,568,568,"California Ave & Cortez St",,15,15,"In Service",41.900363,-87.696704,"(41.900363, -87.696704)",32,24,12,31,"6"
"569",623,569,569,569,569,"Michigan Ave & 8th St",,43,43,"In Service",41.872773,-87.623981,"(41.872773, -87.623981)",31,17,33,29,"20"
"570",624,570,570,570,570,"Dearborn St & Van Buren St",,15,15,"In Service",41.876268,-87.629155,"(41.876268, -87.629155)",20,17,36,29,"20"
"571",625,571,571,571,571,"Chicago Ave & Dempster St",,15,15,"In Service",42.041691,-87.680687,"(42.041691, -87.680687)",27,16,6,25,"13"
"572",626,572,572,572,572,"Delano Ct & Roosevelt Rd",,19,19,"In Service",41.867491,-87.63219,"(41.867491, -87.63219)",31,17,33,29,"20"
"573",627,573,573,573,573,"LaSalle Dr & Huron St",,19,19,"In Service",41.894877,-87.632326,"(41.894877, -87.632326)",5,37,37,12,"9"
"574",628,574,574,574,574,"Walsh Park",,23,23,"In Service",41.91461,-87.667968,"(41.91461, -87.667968)",23,18,23,33,"16"
"575",630,575,575,575,575,"Kildare Ave & Montrose Ave",,15,15,"In Service",41.96108,-87.73569,"(41.96108, -87.73569)",24,35,34,16,"21"
"576",631,576,576,576,576,"Malcolm X College",,19,19,"In Service",41.877618,-87.673895,"(41.877618, -87.673895)",4,38,38,13,"32"
"577",632,577,577,577,577,"Clark St & Newport St",,15,15,"In Service",41.94454,-87.654678,"(41.94454, -87.654678)",13,19,17,15,"8"
"578",635,578,578,578,578,"Fairbanks St & Superior St",,11,11,"In Service",41.895748,-87.620104,"(41.895748, -87.620104)",38,23,35,1,"10"
"579",636,579,579,579,579,"Orleans St & Hubbard St",,11,11,"In Service",41.890028,-87.636618,"(41.890028, -87.636618)",20,37,36,12,"9"
"580",637,580,580,580,580,"Wood St & Chicago Ave (*)",,16,16,"In Service",41.895634,-87.672069,"(41.895634, -87.672069)",4,11,32,14,"16"
"581",638,581,581,581,581,"Clinton St & Jackson Blvd",,23,23,"In Service",41.87811603,-87.639838457,"(41.87811603010527, -87.63983845710754)",20,3,36,32,"39"
"582",639,582,582,582,582,"Lakefront Trail & Wilson Ave",,15,15,"In Service",41.965845,-87.645361,"(41.965845, -87.645361)",29,27,17,15,"35"
"583",640,583,583,583,583,"Bernard St & Elston Ave",,11,11,"In Service",41.949923,-87.713949,"(41.949923, -87.713949)",12,2,30,16,"5"
"584",641,584,584,584,584,"Central Park Ave & Bloomingdale Ave",,11,11,"In Service",41.914166,-87.716755,"(41.914166, -87.716755)",10,31,25,21,"37"
"585",642,585,585,585,585,"Latrobe Ave & Chicago Ave",,7,7,"In Service",41.894745,-87.756895,"(41.894745, -87.756895)",11,40,29,10,"17"
"586",643,586,586,586,586,"Smith Park (*)",,16,16,"In Service",41.892048,-87.689397,"(41.892048, -87.689397)",32,24,15,31,"6"
"587",644,587,587,587,587,"Western Ave & Fillmore St (*)",,12,12,"In Service",41.868563,-87.686234,"(41.868563, -87.686234)",37,38,38,13,"32"
"588",645,588,588,588,588,"Archer (Damen) Ave & 37th St",,11,11,"In Service",41.826712,-87.683144,"(41.826712, -87.683144)",7,30,28,35,"11"
"589",646,589,589,589,589,"State St & 54th St",,11,11,"In Service",41.796642,-87.625923,"(41.796642, -87.625923)",30,34,2,18,"33"
"590",647,590,590,590,590,"Elizabeth St & 59th St",,7,7,"In Service",41.786691,-87.655859,"(41.786691, -87.655859)",6,28,13,38,"34"
"591",648,591,591,591,591,"Carpenter St & 63rd St",,7,7,"In Service",41.77987,-87.650919,"(41.77987, -87.650919)",6,28,13,38,"34"
"592",649,592,592,592,592,"Stewart Ave & 63rd St (*)",,12,12,"In Service",41.779835,-87.634774,"(41.779835, -87.634774)",18,28,13,38,"24"
"593",650,593,593,593,593,"Eggleston Ave & 69th St (*)",,12,12,"In Service",41.768898,-87.635876,"(41.768898, -87.635876)",18,28,13,38,"24"
"594",651,594,594,594,594,"Michigan Ave & 71st St",,7,7,"In Service",41.765286,-87.621748,"(41.765286, -87.621748)",18,29,19,36,"24"
"595",652,595,595,595,595,"Rhodes Ave & 71st St",,11,11,"In Service",41.766,-87.611726,"(41.766, -87.611726)",34,29,19,36,"40"
"596",653,596,596,596,596,"Cornell Dr & Hayes Dr",,11,11,"In Service",41.780595,-87.584846,"(41.780595, -87.584846)",9,15,1,4,"26"
"597",654,597,597,597,597,"Racine Ave & Washington Blvd (*)",,12,12,"In Service",41.883073,-87.656952,"(41.883073, -87.656952)",2,4,26,32,"4"
"598",655,598,598,598,598,"Hoyne Ave & Balmoral Ave",,15,15,"In Service",41.979851,-87.681932,"(41.979851, -87.681932)",22,13,4,30,"19"
"599",656,599,599,599,599,"Damen Ave & Walnut (Lake) St (*)",,16,16,"In Service",41.885951,-87.677009,"(41.885951, -87.677009)",4,38,32,14,"32"
"600",657,600,600,600,600,"Wood St & Augusta Blvd",,15,15,"In Service",41.899181,-87.6722,"(41.899181, -87.6722)",23,11,32,14,"16"
"601",658,601,601,601,601,"Leavitt St & Division St (*)",,16,16,"In Service",41.902997,-87.683825,"(41.902997, -87.683825)",32,11,23,31,"16"
"602",659,602,602,602,602,"Leavitt St & Chicago Ave",,15,15,"In Service",41.895501,-87.682017,"(41.895501, -87.682017)",32,11,32,31,"16"
"603",660,603,603,603,603,"Sheridan Rd & Columbia Ave",,15,15,"In Service",42.004583,-87.661406,"(42.004583, -87.661406)",36,14,22,5,"18"
"604",661,604,604,604,604,"Evanston Civic Center",,15,15,"In Service",42.057044,-87.686554,"(42.057044, -87.686554)",27,16,6,25,"13"
"605",662,605,605,605,605,"Dodge Ave & Mulford St",,15,15,"In Service",42.023463,-87.699595,"(42.023463, -87.699595)",15,14,22,24,"31"
"606",663,606,606,606,606,"Lincolnwood Dr & Central St",,15,15,"In Service",42.064854,-87.715297,"(42.064854, -87.715297)",27,16,6,25,"13"
"607",664,607,607,607,607,"Leavitt St & Belmont Ave (*)",,16,16,"In Service",41.939354,-87.683282,"(41.939354, -87.683282)",3,21,20,19,"14"
"608",665,608,608,608,608,"South Chicago Ave & Elliot Ave",,7,7,"In Service",41.747363,-87.580046,"(41.747363, -87.580046)",35,26,31,34,"3"
"609",666,609,609,609,609,"Cherry Ave & Blackhawk St",,15,15,"In Service",41.907221,-87.655618,"(41.907221, -87.655618)",28,18,40,11,"2"
"610",672,610,610,610,610,"Franklin St & Illinois St",,11,11,"In Service",41.89102331,-87.635479867,"(41.89102331025185, -87.63547986745834)",20,37,36,12,"9"
"611",673,611,611,611,611,"Lincoln Park Conservatory",,31,31,"In Service",41.923931311,-87.635824531,"(41.92393131136619, -87.63582453131676)",33,1,3,9,"29"
